id_emplacement,code_emplacement,id_entrepot,id_niveau,zone,type_emplacement,statut,actif
418,0A-01-01,235,,B7-PCK,PICKING,AVAILABLE,True
422,0A-01-02,235,,B7-PCK,PICKING,AVAILABLE,True
426,0A-01-03,235,,B7-PCK,PICKING,AVAILABLE,True
430,0A-02-01,235,,B7-PCK,PICKING,AVAILABLE,True
434,0A-02-02,235,,B7-PCK,PICKING,AVAILABLE,True
438,0A-02-03,235,,B7-PCK,PICKING,AVAILABLE,True
442,0B-01-01,235,,B7-PCK,PICKING,AVAILABLE,True
446,0B-01-02,235,,B7-PCK,PICKING,AVAILABLE,True
450,0B-01-03,235,,B7-PCK,PICKING,AVAILABLE,True
454,0B-02-01,235,,B7-PCK,PICKING,AVAILABLE,True
458,0B-02-02,235,,B7-PCK,PICKING,AVAILABLE,True
462,0B-02-03,235,,B7-PCK,PICKING,AVAILABLE,True
466,0B-03-01,235,,B7-PCK,PICKING,AVAILABLE,True
470,0B-03-02,235,,B7-PCK,PICKING,AVAILABLE,True
474,0B-03-03,235,,B7-PCK,PICKING,AVAILABLE,True
478,0C-01-01,235,,B7-PCK,PICKING,AVAILABLE,True
482,0C-01-02,235,,B7-PCK,PICKING,AVAILABLE,True
486,0C-01-03,235,,B7-PCK,PICKING,AVAILABLE,True
680,0C-02-01,235,,B7-PCK,PICKING,AVAILABLE,True
684,0C-02-02,235,,B7-PCK,PICKING,AVAILABLE,True
688,0C-02-03,235,,B7-PCK,PICKING,AVAILABLE,True
692,0D-01-01,235,,B7-PCK,PICKING,AVAILABLE,True
696,0D-01-02,235,,B7-PCK,PICKING,AVAILABLE,True
700,0D-01-03,235,,B7-PCK,PICKING,AVAILABLE,True
704,0D-02-01,235,,B7-PCK,PICKING,AVAILABLE,True
708,0D-02-02,235,,B7-PCK,PICKING,AVAILABLE,True
712,0D-02-03,235,,B7-PCK,PICKING,AVAILABLE,True
716,0D-03-01,235,,B7-PCK,PICKING,AVAILABLE,True
720,0D-03-02,235,,B7-PCK,PICKING,AVAILABLE,True
724,0D-03-03,235,,B7-PCK,PICKING,AVAILABLE,True
728,0E-01-01,235,,B7-PCK,PICKING,AVAILABLE,True
732,0E-01-02,235,,B7-PCK,PICKING,AVAILABLE,True
736,0E-01-03,235,,B7-PCK,PICKING,AVAILABLE,True
740,0E-02-01,235,,B7-PCK,PICKING,AVAILABLE,True
744,0E-02-02,235,,B7-PCK,PICKING,AVAILABLE,True
748,0E-02-03,235,,B7-PCK,PICKING,AVAILABLE,True
752,0F-01-01,235,,B7-PCK,PICKING,AVAILABLE,True
756,0F-01-02,235,,B7-PCK,PICKING,AVAILABLE,True
760,0F-01-03,235,,B7-PCK,PICKING,AVAILABLE,True
764,0F-02-01,235,,B7-PCK,PICKING,AVAILABLE,True
768,0F-02-02,235,,B7-PCK,PICKING,AVAILABLE,True
772,0F-02-03,235,,B7-PCK,PICKING,AVAILABLE,True
776,0F-03-01,235,,B7-PCK,PICKING,AVAILABLE,True
780,0F-03-02,235,,B7-PCK,PICKING,AVAILABLE,True
784,0F-03-03,235,,B7-PCK,PICKING,AVAILABLE,True
788,0G-01-01,235,,B7-PCK,PICKING,AVAILABLE,True
792,0G-01-02,235,,B7-PCK,PICKING,AVAILABLE,True
796,0G-01-03,235,,B7-PCK,PICKING,AVAILABLE,True
800,0G-02-01,235,,B7-PCK,PICKING,AVAILABLE,True
804,0G-02-02,235,,B7-PCK,PICKING,AVAILABLE,True
808,0G-02-03,235,,B7-PCK,PICKING,AVAILABLE,True
812,0H-01-01,235,,B7-PCK,PICKING,AVAILABLE,True
816,0H-01-02,235,,B7-PCK,PICKING,AVAILABLE,True
820,0H-01-03,235,,B7-PCK,PICKING,AVAILABLE,True
824,0H-02-01,235,,B7-PCK,PICKING,AVAILABLE,True
828,0H-02-02,235,,B7-PCK,PICKING,AVAILABLE,True
832,0H-02-03,235,,B7-PCK,PICKING,AVAILABLE,True
836,0H-03-01,235,,B7-PCK,PICKING,AVAILABLE,True
840,0H-03-02,235,,B7-PCK,PICKING,AVAILABLE,True
844,0H-03-03,235,,B7-PCK,PICKING,AVAILABLE,True
848,0I-01-01,235,,B7-PCK,PICKING,AVAILABLE,True
852,0I-01-02,235,,B7-PCK,PICKING,AVAILABLE,True
856,0I-01-03,235,,B7-PCK,PICKING,AVAILABLE,True
860,0I-02-01,235,,B7-PCK,PICKING,AVAILABLE,True
894,0I-02-02,235,,B7-PCK,PICKING,AVAILABLE,True
898,0I-02-03,235,,B7-PCK,PICKING,AVAILABLE,True
902,0K-01-01,235,,B7-PCK,PICKING,AVAILABLE,True
906,0K-01-02,235,,B7-PCK,PICKING,AVAILABLE,True
910,0K-01-03,235,,B7-PCK,PICKING,AVAILABLE,True
914,0K-02-01,235,,B7-PCK,PICKING,AVAILABLE,True
918,0K-02-02,235,,B7-PCK,PICKING,AVAILABLE,True
922,0K-02-03,235,,B7-PCK,PICKING,AVAILABLE,True
926,0K-03-01,235,,B7-PCK,PICKING,AVAILABLE,True
930,0K-03-02,235,,B7-PCK,PICKING,AVAILABLE,True
934,0K-03-03,235,,B7-PCK,PICKING,AVAILABLE,True
974,0M-01-01,235,,B7-PCK,PICKING,AVAILABLE,True
978,0M-01-02,235,,B7-PCK,PICKING,AVAILABLE,True
982,0M-01-03,235,,B7-PCK,PICKING,AVAILABLE,True
986,0M-02-01,235,,B7-PCK,PICKING,AVAILABLE,True
990,0M-02-02,235,,B7-PCK,PICKING,AVAILABLE,True
994,0M-02-03,235,,B7-PCK,PICKING,AVAILABLE,True
938,0N-01-01,235,,B7-PCK,PICKING,AVAILABLE,True
942,0N-01-02,235,,B7-PCK,PICKING,AVAILABLE,True
946,0N-01-03,235,,B7-PCK,PICKING,AVAILABLE,True
950,0N-02-01,235,,B7-PCK,PICKING,AVAILABLE,True
954,0N-02-02,235,,B7-PCK,PICKING,AVAILABLE,True
958,0N-02-03,235,,B7-PCK,PICKING,AVAILABLE,True
962,0N-03-01,235,,B7-PCK,PICKING,AVAILABLE,True
966,0N-03-02,235,,B7-PCK,PICKING,AVAILABLE,True
970,0N-03-03,235,,B7-PCK,PICKING,AVAILABLE,True
998,0P-01-01,235,,B7-PCK,PICKING,AVAILABLE,True
1002,0P-01-02,235,,B7-PCK,PICKING,AVAILABLE,True
1006,0P-01-03,235,,B7-PCK,PICKING,AVAILABLE,True
1010,0P-02-01,235,,B7-PCK,PICKING,AVAILABLE,True
1014,0P-02-02,235,,B7-PCK,PICKING,AVAILABLE,True
1018,0P-02-03,235,,B7-PCK,PICKING,AVAILABLE,True
1022,0Q-01-01,235,,B7-PCK,PICKING,AVAILABLE,True
1026,0Q-01-02,235,,B7-PCK,PICKING,AVAILABLE,True
1030,0Q-01-03,235,,B7-PCK,PICKING,AVAILABLE,True
1034,0Q-02-01,235,,B7-PCK,PICKING,AVAILABLE,True
1038,0Q-02-02,235,,B7-PCK,PICKING,AVAILABLE,True
1042,0Q-02-03,235,,B7-PCK,PICKING,AVAILABLE,True
1046,0Q-03-01,235,,B7-PCK,PICKING,AVAILABLE,True
1050,0Q-03-02,235,,B7-PCK,PICKING,AVAILABLE,True
1054,0Q-03-03,235,,B7-PCK,PICKING,AVAILABLE,True
1058,0R-01-01,235,,B7-PCK,PICKING,AVAILABLE,True
1062,0R-01-02,235,,B7-PCK,PICKING,AVAILABLE,True
1066,0R-01-03,235,,B7-PCK,PICKING,AVAILABLE,True
1070,0R-02-01,235,,B7-PCK,PICKING,AVAILABLE,True
1074,0R-02-02,235,,B7-PCK,PICKING,AVAILABLE,True
1078,0R-02-03,235,,B7-PCK,PICKING,AVAILABLE,True
1082,0S-01-01,235,,B7-PCK,PICKING,AVAILABLE,True
1086,0S-01-02,235,,B7-PCK,PICKING,AVAILABLE,True
1098,0S-01-03,235,,B7-PCK,PICKING,AVAILABLE,True
1102,0S-02-01,235,,B7-PCK,PICKING,AVAILABLE,True
1342,0S-02-02,235,,B7-PCK,PICKING,AVAILABLE,True
1109,0S-02-03,235,,B7-PCK,PICKING,AVAILABLE,True
1113,0S-03-01,235,,B7-PCK,PICKING,AVAILABLE,True
1117,0S-03-02,235,,B7-PCK,PICKING,AVAILABLE,True
1121,0S-03-03,235,,B7-PCK,PICKING,AVAILABLE,True
1125,0T-01-01,235,,B7-PCK,PICKING,AVAILABLE,True
1129,0T-01-02,235,,B7-PCK,PICKING,AVAILABLE,True
1133,0T-01-03,235,,B7-PCK,PICKING,AVAILABLE,True
1137,0T-02-01,235,,B7-PCK,PICKING,AVAILABLE,True
1141,0T-02-02,235,,B7-PCK,PICKING,AVAILABLE,True
1145,0T-02-03,235,,B7-PCK,PICKING,AVAILABLE,True
1149,0V-01-01,235,,B7-PCK,PICKING,AVAILABLE,True
1153,0V-01-02,235,,B7-PCK,PICKING,AVAILABLE,True
1157,0V-01-03,235,,B7-PCK,PICKING,AVAILABLE,True
1161,0V-02-01,235,,B7-PCK,PICKING,AVAILABLE,True
1165,0V-02-02,235,,B7-PCK,PICKING,AVAILABLE,True
1169,0V-02-03,235,,B7-PCK,PICKING,AVAILABLE,True
1173,0V-03-01,235,,B7-PCK,PICKING,AVAILABLE,True
1177,0V-03-02,235,,B7-PCK,PICKING,AVAILABLE,True
1181,0V-03-03,235,,B7-PCK,PICKING,AVAILABLE,True
1185,0W-01-01,235,,B7-PCK,PICKING,AVAILABLE,True
1189,0W-01-02,235,,B7-PCK,PICKING,AVAILABLE,True
1193,0W-01-03,235,,B7-PCK,PICKING,AVAILABLE,True
1197,0W-02-01,235,,B7-PCK,PICKING,AVAILABLE,True
1201,0W-02-02,235,,B7-PCK,PICKING,AVAILABLE,True
1205,0W-02-03,235,,B7-PCK,PICKING,AVAILABLE,True
1209,0W-03-01,235,,B7-PCK,PICKING,AVAILABLE,True
1213,0W-03-02,235,,B7-PCK,PICKING,AVAILABLE,True
1217,0W-03-03,235,,B7-PCK,PICKING,AVAILABLE,True
1221,0W-04-01,235,,B7-PCK,PICKING,AVAILABLE,True
1225,0W-04-02,235,,B7-PCK,PICKING,AVAILABLE,True
1229,0W-04-03,235,,B7-PCK,PICKING,AVAILABLE,True
1233,0W-05-01,235,,B7-PCK,PICKING,AVAILABLE,True
1237,0W-05-02,235,,B7-PCK,PICKING,AVAILABLE,True
1241,0W-05-03,235,,B7-PCK,PICKING,AVAILABLE,True
1245,0X-01-01,235,,B7-PCK,PICKING,AVAILABLE,True
1249,0X-01-02,235,,B7-PCK,PICKING,AVAILABLE,True
1253,0X-01-03,235,,B7-PCK,PICKING,AVAILABLE,True
1257,0X-02-01,235,,B7-PCK,PICKING,AVAILABLE,True
1261,0X-02-02,235,,B7-PCK,PICKING,AVAILABLE,True
1265,0X-02-03,235,,B7-PCK,PICKING,AVAILABLE,True
1269,0X-03-01,235,,B7-PCK,PICKING,AVAILABLE,True
1273,0X-03-02,235,,B7-PCK,PICKING,AVAILABLE,True
1277,0X-03-03,235,,B7-PCK,PICKING,AVAILABLE,True
1281,0X-04-01,235,,B7-PCK,PICKING,AVAILABLE,True
1285,0X-04-02,235,,B7-PCK,PICKING,AVAILABLE,True
1289,0X-04-03,235,,B7-PCK,PICKING,AVAILABLE,True
1293,0X-05-01,235,,B7-PCK,PICKING,AVAILABLE,True
1299,0X-05-02,235,,B7-PCK,PICKING,AVAILABLE,True
1305,0X-05-03,235,,B7-PCK,PICKING,AVAILABLE,True
419,1A-01-01,235,,B7-PCK,PICKING,AVAILABLE,True
423,1A-01-02,235,,B7-PCK,PICKING,AVAILABLE,True
427,1A-01-03,235,,B7-PCK,PICKING,AVAILABLE,True
431,1A-02-01,235,,B7-PCK,PICKING,AVAILABLE,True
435,1A-02-02,235,,B7-PCK,PICKING,AVAILABLE,True
439,1A-02-03,235,,B7-PCK,PICKING,AVAILABLE,True
443,1B-01-01,235,,B7-PCK,PICKING,AVAILABLE,True
447,1B-01-02,235,,B7-PCK,PICKING,AVAILABLE,True
451,1B-01-03,235,,B7-PCK,PICKING,AVAILABLE,True
455,1B-02-01,235,,B7-PCK,PICKING,AVAILABLE,True
459,1B-02-02,235,,B7-PCK,PICKING,AVAILABLE,True
463,1B-02-03,235,,B7-PCK,PICKING,AVAILABLE,True
467,1B-03-01,235,,B7-PCK,PICKING,AVAILABLE,True
471,1B-03-02,235,,B7-PCK,PICKING,AVAILABLE,True
475,1B-03-03,235,,B7-PCK,PICKING,AVAILABLE,True
479,1C-01-01,235,,B7-PCK,PICKING,AVAILABLE,True
483,1C-01-02,235,,B7-PCK,PICKING,AVAILABLE,True
487,1C-01-03,235,,B7-PCK,PICKING,AVAILABLE,True
681,1C-02-01,235,,B7-PCK,PICKING,AVAILABLE,True
685,1C-02-02,235,,B7-PCK,PICKING,AVAILABLE,True
689,1C-02-03,235,,B7-PCK,PICKING,AVAILABLE,True
693,1D-01-01,235,,B7-PCK,PICKING,AVAILABLE,True
697,1D-01-02,235,,B7-PCK,PICKING,AVAILABLE,True
701,1D-01-03,235,,B7-PCK,PICKING,AVAILABLE,True
705,1D-02-01,235,,B7-PCK,PICKING,AVAILABLE,True
709,1D-02-02,235,,B7-PCK,PICKING,AVAILABLE,True
713,1D-02-03,235,,B7-PCK,PICKING,AVAILABLE,True
717,1D-03-01,235,,B7-PCK,PICKING,AVAILABLE,True
721,1D-03-02,235,,B7-PCK,PICKING,AVAILABLE,True
725,1D-03-03,235,,B7-PCK,PICKING,AVAILABLE,True
729,1E-01-01,235,,B7-PCK,PICKING,AVAILABLE,True
733,1E-01-02,235,,B7-PCK,PICKING,AVAILABLE,True
737,1E-01-03,235,,B7-PCK,PICKING,AVAILABLE,True
741,1E-02-01,235,,B7-PCK,PICKING,AVAILABLE,True
745,1E-02-02,235,,B7-PCK,PICKING,AVAILABLE,True
749,1E-02-03,235,,B7-PCK,PICKING,AVAILABLE,True
753,1F-01-01,235,,B7-PCK,PICKING,AVAILABLE,True
757,1F-01-02,235,,B7-PCK,PICKING,AVAILABLE,True
761,1F-01-03,235,,B7-PCK,PICKING,AVAILABLE,True
765,1F-02-01,235,,B7-PCK,PICKING,AVAILABLE,True
769,1F-02-02,235,,B7-PCK,PICKING,AVAILABLE,True
773,1F-02-03,235,,B7-PCK,PICKING,AVAILABLE,True
777,1F-03-01,235,,B7-PCK,PICKING,AVAILABLE,True
781,1F-03-02,235,,B7-PCK,PICKING,AVAILABLE,True
785,1F-03-03,235,,B7-PCK,PICKING,AVAILABLE,True
789,1G-01-01,235,,B7-PCK,PICKING,AVAILABLE,True
793,1G-01-02,235,,B7-PCK,PICKING,AVAILABLE,True
797,1G-01-03,235,,B7-PCK,PICKING,AVAILABLE,True
801,1G-02-01,235,,B7-PCK,PICKING,AVAILABLE,True
805,1G-02-02,235,,B7-PCK,PICKING,AVAILABLE,True
809,1G-02-03,235,,B7-PCK,PICKING,AVAILABLE,True
813,1H-01-01,235,,B7-PCK,PICKING,AVAILABLE,True
817,1H-01-02,235,,B7-PCK,PICKING,AVAILABLE,True
821,1H-01-03,235,,B7-PCK,PICKING,AVAILABLE,True
825,1H-02-01,235,,B7-PCK,PICKING,AVAILABLE,True
829,1H-02-02,235,,B7-PCK,PICKING,AVAILABLE,True
833,1H-02-03,235,,B7-PCK,PICKING,AVAILABLE,True
837,1H-03-01,235,,B7-PCK,PICKING,AVAILABLE,True
841,1H-03-02,235,,B7-PCK,PICKING,AVAILABLE,True
845,1H-03-03,235,,B7-PCK,PICKING,AVAILABLE,True
849,1I-01-01,235,,B7-PCK,PICKING,AVAILABLE,True
853,1I-01-02,235,,B7-PCK,PICKING,AVAILABLE,True
857,1I-01-03,235,,B7-PCK,PICKING,AVAILABLE,True
861,1I-02-01,235,,B7-PCK,PICKING,AVAILABLE,True
895,1I-02-02,235,,B7-PCK,PICKING,AVAILABLE,True
899,1I-02-03,235,,B7-PCK,PICKING,AVAILABLE,True
903,1K-01-01,235,,B7-PCK,PICKING,AVAILABLE,True
907,1K-01-02,235,,B7-PCK,PICKING,AVAILABLE,True
911,1K-01-03,235,,B7-PCK,PICKING,AVAILABLE,True
915,1K-02-01,235,,B7-PCK,PICKING,AVAILABLE,True
919,1K-02-02,235,,B7-PCK,PICKING,AVAILABLE,True
923,1K-02-03,235,,B7-PCK,PICKING,AVAILABLE,True
927,1K-03-01,235,,B7-PCK,PICKING,AVAILABLE,True
931,1K-03-02,235,,B7-PCK,PICKING,AVAILABLE,True
935,1K-03-03,235,,B7-PCK,PICKING,AVAILABLE,True
975,1M-01-01,235,,B7-PCK,PICKING,AVAILABLE,True
979,1M-01-02,235,,B7-PCK,PICKING,AVAILABLE,True
983,1M-01-03,235,,B7-PCK,PICKING,AVAILABLE,True
987,1M-02-01,235,,B7-PCK,PICKING,AVAILABLE,True
991,1M-02-02,235,,B7-PCK,PICKING,AVAILABLE,True
995,1M-02-03,235,,B7-PCK,PICKING,AVAILABLE,True
939,1N-01-01,235,,B7-PCK,PICKING,AVAILABLE,True
943,1N-01-02,235,,B7-PCK,PICKING,AVAILABLE,True
947,1N-01-03,235,,B7-PCK,PICKING,AVAILABLE,True
951,1N-02-01,235,,B7-PCK,PICKING,AVAILABLE,True
955,1N-02-02,235,,B7-PCK,PICKING,AVAILABLE,True
959,1N-02-03,235,,B7-PCK,PICKING,AVAILABLE,True
963,1N-03-01,235,,B7-PCK,PICKING,AVAILABLE,True
967,1N-03-02,235,,B7-PCK,PICKING,AVAILABLE,True
971,1N-03-03,235,,B7-PCK,PICKING,AVAILABLE,True
999,1P-01-01,235,,B7-PCK,PICKING,AVAILABLE,True
1003,1P-01-02,235,,B7-PCK,PICKING,AVAILABLE,True
1007,1P-01-03,235,,B7-PCK,PICKING,AVAILABLE,True
1011,1P-02-01,235,,B7-PCK,PICKING,AVAILABLE,True
1015,1P-02-02,235,,B7-PCK,PICKING,AVAILABLE,True
1019,1P-02-03,235,,B7-PCK,PICKING,AVAILABLE,True
1023,1Q-01-01,235,,B7-PCK,PICKING,AVAILABLE,True
1027,1Q-01-02,235,,B7-PCK,PICKING,AVAILABLE,True
1031,1Q-01-03,235,,B7-PCK,PICKING,AVAILABLE,True
1035,1Q-02-01,235,,B7-PCK,PICKING,AVAILABLE,True
1039,1Q-02-02,235,,B7-PCK,PICKING,AVAILABLE,True
1043,1Q-02-03,235,,B7-PCK,PICKING,AVAILABLE,True
1047,1Q-03-01,235,,B7-PCK,PICKING,AVAILABLE,True
1051,1Q-03-02,235,,B7-PCK,PICKING,AVAILABLE,True
1055,1Q-03-03,235,,B7-PCK,PICKING,AVAILABLE,True
1059,1R-01-01,235,,B7-PCK,PICKING,AVAILABLE,True
1063,1R-01-02,235,,B7-PCK,PICKING,AVAILABLE,True
1067,1R-01-03,235,,B7-PCK,PICKING,AVAILABLE,True
1071,1R-02-01,235,,B7-PCK,PICKING,AVAILABLE,True
1075,1R-02-02,235,,B7-PCK,PICKING,AVAILABLE,True
1079,1R-02-03,235,,B7-PCK,PICKING,AVAILABLE,True
1083,1S-01-01,235,,B7-PCK,PICKING,AVAILABLE,True
1087,1S-01-02,235,,B7-PCK,PICKING,AVAILABLE,True
1099,1S-01-03,235,,B7-PCK,PICKING,AVAILABLE,True
1103,1S-02-01,235,,B7-PCK,PICKING,AVAILABLE,True
1106,1S-02-02,235,,B7-PCK,PICKING,AVAILABLE,True
1110,1S-02-03,235,,B7-PCK,PICKING,AVAILABLE,True
1114,1S-03-01,235,,B7-PCK,PICKING,AVAILABLE,True
1118,1S-03-02,235,,B7-PCK,PICKING,AVAILABLE,True
1122,1S-03-03,235,,B7-PCK,PICKING,AVAILABLE,True
1126,1T-01-01,235,,B7-PCK,PICKING,AVAILABLE,True
1130,1T-01-02,235,,B7-PCK,PICKING,AVAILABLE,True
1134,1T-01-03,235,,B7-PCK,PICKING,AVAILABLE,True
1138,1T-02-01,235,,B7-PCK,PICKING,AVAILABLE,True
1142,1T-02-02,235,,B7-PCK,PICKING,AVAILABLE,True
1146,1T-02-03,235,,B7-PCK,PICKING,AVAILABLE,True
1150,1V-01-01,235,,B7-PCK,PICKING,AVAILABLE,True
1154,1V-01-02,235,,B7-PCK,PICKING,AVAILABLE,True
1158,1V-01-03,235,,B7-PCK,PICKING,AVAILABLE,True
1162,1V-02-01,235,,B7-PCK,PICKING,AVAILABLE,True
1166,1V-02-02,235,,B7-PCK,PICKING,AVAILABLE,True
1170,1V-02-03,235,,B7-PCK,PICKING,AVAILABLE,True
1174,1V-03-01,235,,B7-PCK,PICKING,AVAILABLE,True
1178,1V-03-02,235,,B7-PCK,PICKING,AVAILABLE,True
1182,1V-03-03,235,,B7-PCK,PICKING,AVAILABLE,True
1186,1W-01-01,235,,B7-PCK,PICKING,AVAILABLE,True
1190,1W-01-02,235,,B7-PCK,PICKING,AVAILABLE,True
1194,1W-01-03,235,,B7-PCK,PICKING,AVAILABLE,True
1198,1W-02-01,235,,B7-PCK,PICKING,AVAILABLE,True
1202,1W-02-02,235,,B7-PCK,PICKING,AVAILABLE,True
1206,1W-02-03,235,,B7-PCK,PICKING,AVAILABLE,True
1210,1W-03-01,235,,B7-PCK,PICKING,AVAILABLE,True
1214,1W-03-02,235,,B7-PCK,PICKING,AVAILABLE,True
1218,1W-03-03,235,,B7-PCK,PICKING,AVAILABLE,True
1222,1W-04-01,235,,B7-PCK,PICKING,AVAILABLE,True
1226,1W-04-02,235,,B7-PCK,PICKING,AVAILABLE,True
1230,1W-04-03,235,,B7-PCK,PICKING,AVAILABLE,True
1234,1W-05-01,235,,B7-PCK,PICKING,AVAILABLE,True
1238,1W-05-02,235,,B7-PCK,PICKING,AVAILABLE,True
1242,1W-05-03,235,,B7-PCK,PICKING,AVAILABLE,True
1246,1X-01-01,235,,B7-PCK,PICKING,AVAILABLE,True
1250,1X-01-02,235,,B7-PCK,PICKING,AVAILABLE,True
1254,1X-01-03,235,,B7-PCK,PICKING,AVAILABLE,True
1258,1X-02-01,235,,B7-PCK,PICKING,AVAILABLE,True
1262,1X-02-02,235,,B7-PCK,PICKING,AVAILABLE,True
1266,1X-02-03,235,,B7-PCK,PICKING,AVAILABLE,True
1270,1X-03-01,235,,B7-PCK,PICKING,AVAILABLE,True
1274,1X-03-02,235,,B7-PCK,PICKING,AVAILABLE,True
1278,1X-03-03,235,,B7-PCK,PICKING,AVAILABLE,True
1282,1X-04-01,235,,B7-PCK,PICKING,AVAILABLE,True
1286,1X-04-02,235,,B7-PCK,PICKING,AVAILABLE,True
1290,1X-04-03,235,,B7-PCK,PICKING,AVAILABLE,True
1294,1X-05-01,235,,B7-PCK,PICKING,AVAILABLE,True
1302,1X-05-02,235,,B7-PCK,PICKING,AVAILABLE,True
1306,1X-05-03,235,,B7-PCK,PICKING,AVAILABLE,True
420,2A-01-01,235,,B7-PCK,PICKING,AVAILABLE,True
424,2A-01-02,235,,B7-PCK,PICKING,AVAILABLE,True
428,2A-01-03,235,,B7-PCK,PICKING,AVAILABLE,True
432,2A-02-01,235,,B7-PCK,PICKING,AVAILABLE,True
436,2A-02-02,235,,B7-PCK,PICKING,AVAILABLE,True
440,2A-02-03,235,,B7-PCK,PICKING,AVAILABLE,True
444,2B-01-01,235,,B7-PCK,PICKING,AVAILABLE,True
448,2B-01-02,235,,B7-PCK,PICKING,AVAILABLE,True
452,2B-01-03,235,,B7-PCK,PICKING,AVAILABLE,True
456,2B-02-01,235,,B7-PCK,PICKING,AVAILABLE,True
460,2B-02-02,235,,B7-PCK,PICKING,AVAILABLE,True
464,2B-02-03,235,,B7-PCK,PICKING,AVAILABLE,True
468,2B-03-01,235,,B7-PCK,PICKING,AVAILABLE,True
472,2B-03-02,235,,B7-PCK,PICKING,AVAILABLE,True
476,2B-03-03,235,,B7-PCK,PICKING,AVAILABLE,True
480,2C-01-01,235,,B7-PCK,PICKING,AVAILABLE,True
484,2C-01-02,235,,B7-PCK,PICKING,AVAILABLE,True
678,2C-01-03,235,,B7-PCK,PICKING,AVAILABLE,True
682,2C-02-01,235,,B7-PCK,PICKING,AVAILABLE,True
686,2C-02-02,235,,B7-PCK,PICKING,AVAILABLE,True
690,2C-02-03,235,,B7-PCK,PICKING,AVAILABLE,True
694,2D-01-01,235,,B7-PCK,PICKING,AVAILABLE,True
698,2D-01-02,235,,B7-PCK,PICKING,AVAILABLE,True
702,2D-01-03,235,,B7-PCK,PICKING,AVAILABLE,True
706,2D-02-01,235,,B7-PCK,PICKING,AVAILABLE,True
710,2D-02-02,235,,B7-PCK,PICKING,AVAILABLE,True
714,2D-02-03,235,,B7-PCK,PICKING,AVAILABLE,True
718,2D-03-01,235,,B7-PCK,PICKING,AVAILABLE,True
722,2D-03-02,235,,B7-PCK,PICKING,AVAILABLE,True
726,2D-03-03,235,,B7-PCK,PICKING,AVAILABLE,True
730,2E-01-01,235,,B7-PCK,PICKING,AVAILABLE,True
734,2E-01-02,235,,B7-PCK,PICKING,AVAILABLE,True
738,2E-01-03,235,,B7-PCK,PICKING,AVAILABLE,True
742,2E-02-01,235,,B7-PCK,PICKING,AVAILABLE,True
746,2E-02-02,235,,B7-PCK,PICKING,AVAILABLE,True
750,2E-02-03,235,,B7-PCK,PICKING,AVAILABLE,True
754,2F-01-01,235,,B7-PCK,PICKING,AVAILABLE,True
758,2F-01-02,235,,B7-PCK,PICKING,AVAILABLE,True
762,2F-01-03,235,,B7-PCK,PICKING,AVAILABLE,True
766,2F-02-01,235,,B7-PCK,PICKING,AVAILABLE,True
770,2F-02-02,235,,B7-PCK,PICKING,AVAILABLE,True
774,2F-02-03,235,,B7-PCK,PICKING,AVAILABLE,True
778,2F-03-01,235,,B7-PCK,PICKING,AVAILABLE,True
782,2F-03-02,235,,B7-PCK,PICKING,AVAILABLE,True
786,2F-03-03,235,,B7-PCK,PICKING,AVAILABLE,True
790,2G-01-01,235,,B7-PCK,PICKING,AVAILABLE,True
794,2G-01-02,235,,B7-PCK,PICKING,AVAILABLE,True
798,2G-01-03,235,,B7-PCK,PICKING,AVAILABLE,True
802,2G-02-01,235,,B7-PCK,PICKING,AVAILABLE,True
806,2G-02-02,235,,B7-PCK,PICKING,AVAILABLE,True
810,2G-02-03,235,,B7-PCK,PICKING,AVAILABLE,True
814,2H-01-01,235,,B7-PCK,PICKING,AVAILABLE,True
818,2H-01-02,235,,B7-PCK,PICKING,AVAILABLE,True
822,2H-01-03,235,,B7-PCK,PICKING,AVAILABLE,True
826,2H-02-01,235,,B7-PCK,PICKING,AVAILABLE,True
830,2H-02-02,235,,B7-PCK,PICKING,AVAILABLE,True
834,2H-02-03,235,,B7-PCK,PICKING,AVAILABLE,True
838,2H-03-01,235,,B7-PCK,PICKING,AVAILABLE,True
842,2H-03-02,235,,B7-PCK,PICKING,AVAILABLE,True
846,2H-03-03,235,,B7-PCK,PICKING,AVAILABLE,True
850,2I-01-01,235,,B7-PCK,PICKING,AVAILABLE,True
854,2I-01-02,235,,B7-PCK,PICKING,AVAILABLE,True
858,2I-01-03,235,,B7-PCK,PICKING,AVAILABLE,True
862,2I-02-01,235,,B7-PCK,PICKING,AVAILABLE,True
896,2I-02-02,235,,B7-PCK,PICKING,AVAILABLE,True
900,2I-02-03,235,,B7-PCK,PICKING,AVAILABLE,True
904,2K-01-01,235,,B7-PCK,PICKING,AVAILABLE,True
908,2K-01-02,235,,B7-PCK,PICKING,AVAILABLE,True
912,2K-01-03,235,,B7-PCK,PICKING,AVAILABLE,True
916,2K-02-01,235,,B7-PCK,PICKING,AVAILABLE,True
920,2K-02-02,235,,B7-PCK,PICKING,AVAILABLE,True
924,2K-02-03,235,,B7-PCK,PICKING,AVAILABLE,True
928,2K-03-01,235,,B7-PCK,PICKING,AVAILABLE,True
932,2K-03-02,235,,B7-PCK,PICKING,AVAILABLE,True
936,2K-03-03,235,,B7-PCK,PICKING,AVAILABLE,True
976,2M-01-01,235,,B7-PCK,PICKING,AVAILABLE,True
980,2M-01-02,235,,B7-PCK,PICKING,AVAILABLE,True
984,2M-01-03,235,,B7-PCK,PICKING,AVAILABLE,True
988,2M-02-01,235,,B7-PCK,PICKING,AVAILABLE,True
992,2M-02-02,235,,B7-PCK,PICKING,AVAILABLE,True
996,2M-02-03,235,,B7-PCK,PICKING,AVAILABLE,True
940,2N-01-01,235,,B7-PCK,PICKING,AVAILABLE,True
944,2N-01-02,235,,B7-PCK,PICKING,AVAILABLE,True
948,2N-01-03,235,,B7-PCK,PICKING,AVAILABLE,True
952,2N-02-01,235,,B7-PCK,PICKING,AVAILABLE,True
956,2N-02-02,235,,B7-PCK,PICKING,AVAILABLE,True
960,2N-02-03,235,,B7-PCK,PICKING,AVAILABLE,True
964,2N-03-01,235,,B7-PCK,PICKING,AVAILABLE,True
968,2N-03-02,235,,B7-PCK,PICKING,AVAILABLE,True
972,2N-03-03,235,,B7-PCK,PICKING,AVAILABLE,True
1000,2P-01-01,235,,B7-PCK,PICKING,AVAILABLE,True
1004,2P-01-02,235,,B7-PCK,PICKING,AVAILABLE,True
1008,2P-01-03,235,,B7-PCK,PICKING,AVAILABLE,True
1012,2P-02-01,235,,B7-PCK,PICKING,AVAILABLE,True
1016,2P-02-02,235,,B7-PCK,PICKING,AVAILABLE,True
1020,2P-02-03,235,,B7-PCK,PICKING,AVAILABLE,True
1024,2Q-01-01,235,,B7-PCK,PICKING,AVAILABLE,True
1028,2Q-01-02,235,,B7-PCK,PICKING,AVAILABLE,True
1032,2Q-01-03,235,,B7-PCK,PICKING,AVAILABLE,True
1036,2Q-02-01,235,,B7-PCK,PICKING,AVAILABLE,True
1040,2Q-02-02,235,,B7-PCK,PICKING,AVAILABLE,True
1044,2Q-02-03,235,,B7-PCK,PICKING,AVAILABLE,True
1048,2Q-03-01,235,,B7-PCK,PICKING,AVAILABLE,True
1052,2Q-03-02,235,,B7-PCK,PICKING,AVAILABLE,True
1056,2Q-03-03,235,,B7-PCK,PICKING,AVAILABLE,True
1060,2R-01-01,235,,B7-PCK,PICKING,AVAILABLE,True
1064,2R-01-02,235,,B7-PCK,PICKING,AVAILABLE,True
1068,2R-01-03,235,,B7-PCK,PICKING,AVAILABLE,True
1072,2R-02-01,235,,B7-PCK,PICKING,AVAILABLE,True
1076,2R-02-02,235,,B7-PCK,PICKING,AVAILABLE,True
1080,2R-02-03,235,,B7-PCK,PICKING,AVAILABLE,True
1084,2S-01-01,235,,B7-PCK,PICKING,AVAILABLE,True
1088,2S-01-02,235,,B7-PCK,PICKING,AVAILABLE,True
1100,2S-01-03,235,,B7-PCK,PICKING,AVAILABLE,True
1104,2S-02-01,235,,B7-PCK,PICKING,AVAILABLE,True
1107,2S-02-02,235,,B7-PCK,PICKING,AVAILABLE,True
1111,2S-02-03,235,,B7-PCK,PICKING,AVAILABLE,True
1115,2S-03-01,235,,B7-PCK,PICKING,AVAILABLE,True
1119,2S-03-02,235,,B7-PCK,PICKING,AVAILABLE,True
1123,2S-03-03,235,,B7-PCK,PICKING,AVAILABLE,True
1127,2T-01-01,235,,B7-PCK,PICKING,AVAILABLE,True
1131,2T-01-02,235,,B7-PCK,PICKING,AVAILABLE,True
1135,2T-01-03,235,,B7-PCK,PICKING,AVAILABLE,True
1139,2T-02-01,235,,B7-PCK,PICKING,AVAILABLE,True
1143,2T-02-02,235,,B7-PCK,PICKING,AVAILABLE,True
1147,2T-02-03,235,,B7-PCK,PICKING,AVAILABLE,True
1151,2V-01-01,235,,B7-PCK,PICKING,AVAILABLE,True
1155,2V-01-02,235,,B7-PCK,PICKING,AVAILABLE,True
1159,2V-01-03,235,,B7-PCK,PICKING,AVAILABLE,True
1163,2V-02-01,235,,B7-PCK,PICKING,AVAILABLE,True
1167,2V-02-02,235,,B7-PCK,PICKING,AVAILABLE,True
1171,2V-02-03,235,,B7-PCK,PICKING,AVAILABLE,True
1175,2V-03-01,235,,B7-PCK,PICKING,AVAILABLE,True
1179,2V-03-02,235,,B7-PCK,PICKING,AVAILABLE,True
1183,2V-03-03,235,,B7-PCK,PICKING,AVAILABLE,True
1187,2W-01-01,235,,B7-PCK,PICKING,AVAILABLE,True
1191,2W-01-02,235,,B7-PCK,PICKING,AVAILABLE,True
1195,2W-01-03,235,,B7-PCK,PICKING,AVAILABLE,True
1199,2W-02-01,235,,B7-PCK,PICKING,AVAILABLE,True
1203,2W-02-02,235,,B7-PCK,PICKING,AVAILABLE,True
1207,2W-02-03,235,,B7-PCK,PICKING,AVAILABLE,True
1211,2W-03-01,235,,B7-PCK,PICKING,AVAILABLE,True
1215,2W-03-02,235,,B7-PCK,PICKING,AVAILABLE,True
1219,2W-03-03,235,,B7-PCK,PICKING,AVAILABLE,True
1223,2W-04-01,235,,B7-PCK,PICKING,AVAILABLE,True
1227,2W-04-02,235,,B7-PCK,PICKING,AVAILABLE,True
1231,2W-04-03,235,,B7-PCK,PICKING,AVAILABLE,True
1235,2W-05-01,235,,B7-PCK,PICKING,AVAILABLE,True
1239,2W-05-02,235,,B7-PCK,PICKING,AVAILABLE,True
1243,2W-05-03,235,,B7-PCK,PICKING,AVAILABLE,True
1247,2X-01-01,235,,B7-PCK,PICKING,AVAILABLE,True
1251,2X-01-02,235,,B7-PCK,PICKING,AVAILABLE,True
1255,2X-01-03,235,,B7-PCK,PICKING,AVAILABLE,True
1259,2X-02-01,235,,B7-PCK,PICKING,AVAILABLE,True
1263,2X-02-02,235,,B7-PCK,PICKING,AVAILABLE,True
1267,2X-02-03,235,,B7-PCK,PICKING,AVAILABLE,True
1271,2X-03-01,235,,B7-PCK,PICKING,AVAILABLE,True
1275,2X-03-02,235,,B7-PCK,PICKING,AVAILABLE,True
1279,2X-03-03,235,,B7-PCK,PICKING,AVAILABLE,True
1283,2X-04-01,235,,B7-PCK,PICKING,AVAILABLE,True
1287,2X-04-02,235,,B7-PCK,PICKING,AVAILABLE,True
1291,2X-04-03,235,,B7-PCK,PICKING,AVAILABLE,True
1295,2X-05-01,235,,B7-PCK,PICKING,AVAILABLE,True
1303,2X-05-02,235,,B7-PCK,PICKING,AVAILABLE,True
1307,2X-05-03,235,,B7-PCK,PICKING,AVAILABLE,True
421,3A-01-01,235,,B7-PCK,PICKING,AVAILABLE,True
425,3A-01-02,235,,B7-PCK,PICKING,AVAILABLE,True
429,3A-01-03,235,,B7-PCK,PICKING,AVAILABLE,True
433,3A-02-01,235,,B7-PCK,PICKING,AVAILABLE,True
437,3A-02-02,235,,B7-PCK,PICKING,AVAILABLE,True
441,3A-02-03,235,,B7-PCK,PICKING,AVAILABLE,True
445,3B-01-01,235,,B7-PCK,PICKING,AVAILABLE,True
449,3B-01-02,235,,B7-PCK,PICKING,AVAILABLE,True
453,3B-01-03,235,,B7-PCK,PICKING,AVAILABLE,True
457,3B-02-01,235,,B7-PCK,PICKING,AVAILABLE,True
461,3B-02-02,235,,B7-PCK,PICKING,AVAILABLE,True
465,3B-02-03,235,,B7-PCK,PICKING,AVAILABLE,True
469,3B-03-01,235,,B7-PCK,PICKING,AVAILABLE,True
473,3B-03-02,235,,B7-PCK,PICKING,AVAILABLE,True
477,3B-03-03,235,,B7-PCK,PICKING,AVAILABLE,True
481,3C-01-01,235,,B7-PCK,PICKING,AVAILABLE,True
485,3C-01-02,235,,B7-PCK,PICKING,AVAILABLE,True
679,3C-01-03,235,,B7-PCK,PICKING,AVAILABLE,True
683,3C-02-01,235,,B7-PCK,PICKING,AVAILABLE,True
687,3C-02-02,235,,B7-PCK,PICKING,AVAILABLE,True
691,3C-02-03,235,,B7-PCK,PICKING,AVAILABLE,True
695,3D-01-01,235,,B7-PCK,PICKING,AVAILABLE,True
699,3D-01-02,235,,B7-PCK,PICKING,AVAILABLE,True
703,3D-01-03,235,,B7-PCK,PICKING,AVAILABLE,True
707,3D-02-01,235,,B7-PCK,PICKING,AVAILABLE,True
711,3D-02-02,235,,B7-PCK,PICKING,AVAILABLE,True
715,3D-02-03,235,,B7-PCK,PICKING,AVAILABLE,True
719,3D-03-01,235,,B7-PCK,PICKING,AVAILABLE,True
723,3D-03-02,235,,B7-PCK,PICKING,AVAILABLE,True
727,3D-03-03,235,,B7-PCK,PICKING,AVAILABLE,True
731,3E-01-01,235,,B7-PCK,PICKING,AVAILABLE,True
735,3E-01-02,235,,B7-PCK,PICKING,AVAILABLE,True
739,3E-01-03,235,,B7-PCK,PICKING,AVAILABLE,True
743,3E-02-01,235,,B7-PCK,PICKING,AVAILABLE,True
747,3E-02-02,235,,B7-PCK,PICKING,AVAILABLE,True
751,3E-02-03,235,,B7-PCK,PICKING,AVAILABLE,True
755,3F-01-01,235,,B7-PCK,PICKING,AVAILABLE,True
759,3F-01-02,235,,B7-PCK,PICKING,AVAILABLE,True
763,3F-01-03,235,,B7-PCK,PICKING,AVAILABLE,True
767,3F-02-01,235,,B7-PCK,PICKING,AVAILABLE,True
771,3F-02-02,235,,B7-PCK,PICKING,AVAILABLE,True
775,3F-02-03,235,,B7-PCK,PICKING,AVAILABLE,True
779,3F-03-01,235,,B7-PCK,PICKING,AVAILABLE,True
783,3F-03-02,235,,B7-PCK,PICKING,AVAILABLE,True
787,3F-03-03,235,,B7-PCK,PICKING,AVAILABLE,True
791,3G-01-01,235,,B7-PCK,PICKING,AVAILABLE,True
795,3G-01-02,235,,B7-PCK,PICKING,AVAILABLE,True
799,3G-01-03,235,,B7-PCK,PICKING,AVAILABLE,True
803,3G-02-01,235,,B7-PCK,PICKING,AVAILABLE,True
807,3G-02-02,235,,B7-PCK,PICKING,AVAILABLE,True
811,3G-02-03,235,,B7-PCK,PICKING,AVAILABLE,True
815,3H-01-01,235,,B7-PCK,PICKING,AVAILABLE,True
819,3H-01-02,235,,B7-PCK,PICKING,AVAILABLE,True
823,3H-01-03,235,,B7-PCK,PICKING,AVAILABLE,True
827,3H-02-01,235,,B7-PCK,PICKING,AVAILABLE,True
831,3H-02-02,235,,B7-PCK,PICKING,AVAILABLE,True
835,3H-02-03,235,,B7-PCK,PICKING,AVAILABLE,True
839,3H-03-01,235,,B7-PCK,PICKING,AVAILABLE,True
843,3H-03-02,235,,B7-PCK,PICKING,AVAILABLE,True
847,3H-03-03,235,,B7-PCK,PICKING,AVAILABLE,True
851,3I-01-01,235,,B7-PCK,PICKING,AVAILABLE,True
855,3I-01-02,235,,B7-PCK,PICKING,AVAILABLE,True
859,3I-01-03,235,,B7-PCK,PICKING,AVAILABLE,True
863,3I-02-01,235,,B7-PCK,PICKING,AVAILABLE,True
897,3I-02-02,235,,B7-PCK,PICKING,AVAILABLE,True
901,3I-02-03,235,,B7-PCK,PICKING,AVAILABLE,True
905,3K-01-01,235,,B7-PCK,PICKING,AVAILABLE,True
909,3K-01-02,235,,B7-PCK,PICKING,AVAILABLE,True
913,3K-01-03,235,,B7-PCK,PICKING,AVAILABLE,True
917,3K-02-01,235,,B7-PCK,PICKING,AVAILABLE,True
921,3K-02-02,235,,B7-PCK,PICKING,AVAILABLE,True
925,3K-02-03,235,,B7-PCK,PICKING,AVAILABLE,True
929,3K-03-01,235,,B7-PCK,PICKING,AVAILABLE,True
933,3K-03-02,235,,B7-PCK,PICKING,AVAILABLE,True
937,3K-03-03,235,,B7-PCK,PICKING,AVAILABLE,True
977,3M-01-01,235,,B7-PCK,PICKING,AVAILABLE,True
981,3M-01-02,235,,B7-PCK,PICKING,AVAILABLE,True
985,3M-01-03,235,,B7-PCK,PICKING,AVAILABLE,True
989,3M-02-01,235,,B7-PCK,PICKING,AVAILABLE,True
993,3M-02-02,235,,B7-PCK,PICKING,AVAILABLE,True
997,3M-02-03,235,,B7-PCK,PICKING,AVAILABLE,True
941,3N-01-01,235,,B7-PCK,PICKING,AVAILABLE,True
945,3N-01-02,235,,B7-PCK,PICKING,AVAILABLE,True
949,3N-01-03,235,,B7-PCK,PICKING,AVAILABLE,True
953,3N-02-01,235,,B7-PCK,PICKING,AVAILABLE,True
957,3N-02-02,235,,B7-PCK,PICKING,AVAILABLE,True
961,3N-02-03,235,,B7-PCK,PICKING,AVAILABLE,True
965,3N-03-01,235,,B7-PCK,PICKING,AVAILABLE,True
969,3N-03-02,235,,B7-PCK,PICKING,AVAILABLE,True
973,3N-03-03,235,,B7-PCK,PICKING,AVAILABLE,True
1001,3P-01-01,235,,B7-PCK,PICKING,AVAILABLE,True
1005,3P-01-02,235,,B7-PCK,PICKING,AVAILABLE,True
1009,3P-01-03,235,,B7-PCK,PICKING,AVAILABLE,True
1013,3P-02-01,235,,B7-PCK,PICKING,AVAILABLE,True
1017,3P-02-02,235,,B7-PCK,PICKING,AVAILABLE,True
1021,3P-02-03,235,,B7-PCK,PICKING,AVAILABLE,True
1025,3Q-01-01,235,,B7-PCK,PICKING,AVAILABLE,True
1029,3Q-01-02,235,,B7-PCK,PICKING,AVAILABLE,True
1033,3Q-01-03,235,,B7-PCK,PICKING,AVAILABLE,True
1037,3Q-02-01,235,,B7-PCK,PICKING,AVAILABLE,True
1041,3Q-02-02,235,,B7-PCK,PICKING,AVAILABLE,True
1045,3Q-02-03,235,,B7-PCK,PICKING,AVAILABLE,True
1049,3Q-03-01,235,,B7-PCK,PICKING,AVAILABLE,True
1053,3Q-03-02,235,,B7-PCK,PICKING,AVAILABLE,True
1057,3Q-03-03,235,,B7-PCK,PICKING,AVAILABLE,True
1061,3R-01-01,235,,B7-PCK,PICKING,AVAILABLE,True
1065,3R-01-02,235,,B7-PCK,PICKING,AVAILABLE,True
1069,3R-01-03,235,,B7-PCK,PICKING,AVAILABLE,True
1073,3R-02-01,235,,B7-PCK,PICKING,AVAILABLE,True
1077,3R-02-02,235,,B7-PCK,PICKING,AVAILABLE,True
1081,3R-02-03,235,,B7-PCK,PICKING,AVAILABLE,True
1085,3S-01-01,235,,B7-PCK,PICKING,AVAILABLE,True
1089,3S-01-02,235,,B7-PCK,PICKING,AVAILABLE,True
1101,3S-01-03,235,,B7-PCK,PICKING,AVAILABLE,True
1105,3S-02-01,235,,B7-PCK,PICKING,AVAILABLE,True
1108,3S-02-02,235,,B7-PCK,PICKING,AVAILABLE,True
1112,3S-02-03,235,,B7-PCK,PICKING,AVAILABLE,True
1116,3S-03-01,235,,B7-PCK,PICKING,AVAILABLE,True
1120,3S-03-02,235,,B7-PCK,PICKING,AVAILABLE,True
1124,3S-03-03,235,,B7-PCK,PICKING,AVAILABLE,True
1128,3T-01-01,235,,B7-PCK,PICKING,AVAILABLE,True
1132,3T-01-02,235,,B7-PCK,PICKING,AVAILABLE,True
1136,3T-01-03,235,,B7-PCK,PICKING,AVAILABLE,True
1140,3T-02-01,235,,B7-PCK,PICKING,AVAILABLE,True
1144,3T-02-02,235,,B7-PCK,PICKING,AVAILABLE,True
1148,3T-02-03,235,,B7-PCK,PICKING,AVAILABLE,True
1152,3V-01-01,235,,B7-PCK,PICKING,AVAILABLE,True
1156,3V-01-02,235,,B7-PCK,PICKING,AVAILABLE,True
1160,3V-01-03,235,,B7-PCK,PICKING,AVAILABLE,True
1164,3V-02-01,235,,B7-PCK,PICKING,AVAILABLE,True
1168,3V-02-02,235,,B7-PCK,PICKING,AVAILABLE,True
1172,3V-02-03,235,,B7-PCK,PICKING,AVAILABLE,True
1176,3V-03-01,235,,B7-PCK,PICKING,AVAILABLE,True
1180,3V-03-02,235,,B7-PCK,PICKING,AVAILABLE,True
1184,3V-03-03,235,,B7-PCK,PICKING,AVAILABLE,True
1188,3W-01-01,235,,B7-PCK,PICKING,AVAILABLE,True
1192,3W-01-02,235,,B7-PCK,PICKING,AVAILABLE,True
1196,3W-01-03,235,,B7-PCK,PICKING,AVAILABLE,True
1200,3W-02-01,235,,B7-PCK,PICKING,AVAILABLE,True
1204,3W-02-02,235,,B7-PCK,PICKING,AVAILABLE,True
1208,3W-02-03,235,,B7-PCK,PICKING,AVAILABLE,True
1212,3W-03-01,235,,B7-PCK,PICKING,AVAILABLE,True
1216,3W-03-02,235,,B7-PCK,PICKING,AVAILABLE,True
1220,3W-03-03,235,,B7-PCK,PICKING,AVAILABLE,True
1224,3W-04-01,235,,B7-PCK,PICKING,AVAILABLE,True
1228,3W-04-02,235,,B7-PCK,PICKING,AVAILABLE,True
1232,3W-04-03,235,,B7-PCK,PICKING,AVAILABLE,True
1236,3W-05-01,235,,B7-PCK,PICKING,AVAILABLE,True
1240,3W-05-02,235,,B7-PCK,PICKING,AVAILABLE,True
1244,3W-05-03,235,,B7-PCK,PICKING,AVAILABLE,True
1248,3X-01-01,235,,B7-PCK,PICKING,AVAILABLE,True
1252,3X-01-02,235,,B7-PCK,PICKING,AVAILABLE,True
1256,3X-01-03,235,,B7-PCK,PICKING,AVAILABLE,True
1260,3X-02-01,235,,B7-PCK,PICKING,AVAILABLE,True
1264,3X-02-02,235,,B7-PCK,PICKING,AVAILABLE,True
1268,3X-02-03,235,,B7-PCK,PICKING,AVAILABLE,True
1272,3X-03-01,235,,B7-PCK,PICKING,AVAILABLE,True
1276,3X-03-02,235,,B7-PCK,PICKING,AVAILABLE,True
1280,3X-03-03,235,,B7-PCK,PICKING,AVAILABLE,True
1284,3X-04-01,235,,B7-PCK,PICKING,AVAILABLE,True
1288,3X-04-02,235,,B7-PCK,PICKING,AVAILABLE,True
1292,3X-04-03,235,,B7-PCK,PICKING,AVAILABLE,True
1301,3X-05-01,235,,B7-PCK,PICKING,AVAILABLE,True
1304,3X-05-02,235,,B7-PCK,PICKING,AVAILABLE,True
1308,3X-05-03,235,,B7-PCK,PICKING,AVAILABLE,True
1331,B07-N(-1),235,,B07-SS,PICKING,AVAILABLE,True
398,B07-N1-A1,235,,B07-N1,PICKING,AVAILABLE,True
400,B07-N1-A2,235,,B07-N1,PICKING,AVAILABLE,True
402,B07-N1-A3,235,,B07-N1,PICKING,AVAILABLE,True
403,B07-N1-A4,235,,B07-N1,PICKING,AVAILABLE,True
404,B07-N1-A5,235,,B07-N1,PICKING,AVAILABLE,True
405,B07-N1-A6,235,,B07-N1,PICKING,AVAILABLE,True
406,B07-N1-A7,235,,B07-N1,PICKING,AVAILABLE,True
407,B07-N1-A8,235,,B07-N1,PICKING,AVAILABLE,True
408,B07-N1-B1,235,,B07-N1,PICKING,AVAILABLE,True
409,B07-N1-B2,235,,B07-N1,PICKING,AVAILABLE,True
410,B07-N1-B3,235,,B07-N1,PICKING,AVAILABLE,True
1352,B07-N1-B4,235,,B07-N1,PICKING,AVAILABLE,True
878,B07-N1-B5,235,,B07-N1,PICKING,AVAILABLE,True
1090,B07-N1-B6,235,,B07-N1,PICKING,AVAILABLE,True
412,B07-N1-B7,235,,B07-N1,PICKING,AVAILABLE,True
1353,B07-N1-C1,235,,B07-N1,PICKING,AVAILABLE,True
1386,B07-N1-C2,235,,B07-N1,PICKING,AVAILABLE,True
664,B07-N1-C3,235,,B07-N1,PICKING,AVAILABLE,True
885,B07-N1-C4,235,,B07-N1,PICKING,AVAILABLE,True
413,B07-N1-C5,235,,B07-N1,PICKING,AVAILABLE,True
1355,B07-N1-C6,235,,B07-N1,PICKING,AVAILABLE,True
1297,B07-N1-C7,235,,B07-N1,PICKING,AVAILABLE,True
1333,B07-N1-C8,235,,B07-N1,PICKING,AVAILABLE,True
411,B07-N1-C9,235,,B07-N1,PICKING,AVAILABLE,True
667,B07-N1-D1,235,,B07-N1,PICKING,AVAILABLE,True
1334,B07-N1-D2,235,,B07-N1,PICKING,AVAILABLE,True
1324,B07-N1-D3,235,,B07-N1,PICKING,AVAILABLE,True
1389,B07-N1-D4,235,,B07-N1,PICKING,AVAILABLE,True
1398,B07-N1-D5,235,,B07-N1,PICKING,AVAILABLE,True
1390,B07-N1-D6,235,,B07-N1,PICKING,AVAILABLE,True
1314,B07-N1-D7,235,,B07-N1,PICKING,AVAILABLE,True
1372,B07-N1-D8,235,,B07-N1,PICKING,AVAILABLE,True
414,B07-N1-D9,235,,B07-N1,PICKING,AVAILABLE,True
1359,B07-N1-E1,235,,B07-N1,PICKING,AVAILABLE,True
1376,B07-N1-E10,235,,B07-N1,PICKING,AVAILABLE,True
1377,B07-N1-E11,235,,B07-N1,PICKING,AVAILABLE,True
673,B07-N1-E12,235,,B07-N1,PICKING,AVAILABLE,True
1378,B07-N1-E13,235,,B07-N1,PICKING,AVAILABLE,True
1346,B07-N1-E14,235,,B07-N1,PICKING,AVAILABLE,True
1095,B07-N1-E15,235,,B07-N1,PICKING,AVAILABLE,True
1361,B07-N1-E16,235,,B07-N1,PICKING,AVAILABLE,True
674,B07-N1-E17,235,,B07-N1,PICKING,AVAILABLE,True
1298,B07-N1-E18,235,,B07-N1,PICKING,AVAILABLE,True
1336,B07-N1-E19,235,,B07-N1,PICKING,AVAILABLE,True
1374,B07-N1-E2,235,,B07-N1,PICKING,AVAILABLE,True
1335,B07-N1-E3,235,,B07-N1,PICKING,AVAILABLE,True
1360,B07-N1-E4,235,,B07-N1,PICKING,AVAILABLE,True
671,B07-N1-E5,235,,B07-N1,PICKING,AVAILABLE,True
1375,B07-N1-E6,235,,B07-N1,PICKING,AVAILABLE,True
672,B07-N1-E7,235,,B07-N1,PICKING,AVAILABLE,True
866,B07-N1-E8,235,,B07-N1,PICKING,AVAILABLE,True
867,B07-N1-E9,235,,B07-N1,PICKING,AVAILABLE,True
1400,B07-N1-SOL,235,,B07-N1,PICKING,AVAILABLE,True
1320,B07-N2-A1,235,,B07-N2,PICKING,AVAILABLE,True
658,B07-N2-A2,235,,B07-N2,PICKING,AVAILABLE,True
401,B07-N2-A3,235,,B07-N2,PICKING,AVAILABLE,True
399,B07-N2-A4,235,,B07-N2,PICKING,AVAILABLE,True
396,B07-N2-A5,235,,B07-N2,PICKING,AVAILABLE,True
395,B07-N2-A6,235,,B07-N2,PICKING,AVAILABLE,True
397,B07-N2-A7,235,,B07-N2,PICKING,AVAILABLE,True
883,B07-N2-A8,235,,B07-N2,PICKING,AVAILABLE,True
660,B07-N2-B1,235,,B07-N2,PICKING,AVAILABLE,True
661,B07-N2-B2,235,,B07-N2,PICKING,AVAILABLE,True
1397,B07-N2-B3,235,,B07-N2,PICKING,AVAILABLE,True
1369,B07-N2-B4,235,,B07-N2,PICKING,AVAILABLE,True
663,B07-N2-B5,235,,B07-N2,PICKING,AVAILABLE,True
1354,B07-N2-B6,235,,B07-N2,PICKING,AVAILABLE,True
1387,B07-N2-B7,235,,B07-N2,PICKING,AVAILABLE,True
884,B07-N2-C1,235,,B07-N2,PICKING,AVAILABLE,True
1296,B07-N2-C2,235,,B07-N2,PICKING,AVAILABLE,True
665,B07-N2-C3,235,,B07-N2,PICKING,AVAILABLE,True
1091,B07-N2-C4,235,,B07-N2,PICKING,AVAILABLE,True
886,B07-N2-C5,235,,B07-N2,PICKING,AVAILABLE,True
1092,B07-N2-C6,235,,B07-N2,PICKING,AVAILABLE,True
666,B07-N2-C7,235,,B07-N2,PICKING,AVAILABLE,True
1312,B07-N2-C8,235,,B07-N2,PICKING,AVAILABLE,True
1332,B07-N2-C9,235,,B07-N2,PICKING,AVAILABLE,True
1370,B07-N2-D1,235,,B07-N2,PICKING,AVAILABLE,True
1371,B07-N2-D2,235,,B07-N2,PICKING,AVAILABLE,True
1093,B07-N2-D3,235,,B07-N2,PICKING,AVAILABLE,True
1313,B07-N2-D4,235,,B07-N2,PICKING,AVAILABLE,True
1388,B07-N2-D5,235,,B07-N2,PICKING,AVAILABLE,True
864,B07-N2-D6,235,,B07-N2,PICKING,AVAILABLE,True
1343,B07-N2-D7,235,,B07-N2,PICKING,AVAILABLE,True
668,B07-N2-D8,235,,B07-N2,PICKING,AVAILABLE,True
865,B07-N2-D9,235,,B07-N2,PICKING,AVAILABLE,True
1399,B07-N2-E1,235,,B07-N2,PICKING,AVAILABLE,True
1321,B07-N2-E10,235,,B07-N2,PICKING,AVAILABLE,True
1358,B07-N2-E11,235,,B07-N2,PICKING,AVAILABLE,True
1326,B07-N2-E12,235,,B07-N2,PICKING,AVAILABLE,True
1344,B07-N2-E13,235,,B07-N2,PICKING,AVAILABLE,True
1391,B07-N2-E14,235,,B07-N2,PICKING,AVAILABLE,True
1315,B07-N2-E15,235,,B07-N2,PICKING,AVAILABLE,True
1345,B07-N2-E16,235,,B07-N2,PICKING,AVAILABLE,True
1094,B07-N2-E17,235,,B07-N2,PICKING,AVAILABLE,True
890,B07-N2-E18,235,,B07-N2,PICKING,AVAILABLE,True
670,B07-N2-E19,235,,B07-N2,PICKING,AVAILABLE,True
887,B07-N2-E2,235,,B07-N2,PICKING,AVAILABLE,True
888,B07-N2-E3,235,,B07-N2,PICKING,AVAILABLE,True
1356,B07-N2-E4,235,,B07-N2,PICKING,AVAILABLE,True
1357,B07-N2-E5,235,,B07-N2,PICKING,AVAILABLE,True
1325,B07-N2-E6,235,,B07-N2,PICKING,AVAILABLE,True
1373,B07-N2-E7,235,,B07-N2,PICKING,AVAILABLE,True
669,B07-N2-E8,235,,B07-N2,PICKING,AVAILABLE,True
889,B07-N2-E9,235,,B07-N2,PICKING,AVAILABLE,True
1366,B07-N2-sans zone,235,,B07-N2,PICKING,AVAILABLE,True
1379,B07-N3-A1,235,,B07-N3,PICKING,AVAILABLE,True
1392,B07-N3-A2,235,,B07-N3,PICKING,AVAILABLE,True
1347,B07-N3-A3,235,,B07-N3,PICKING,AVAILABLE,True
1316,B07-N3-A4,235,,B07-N3,PICKING,AVAILABLE,True
415,B07-N3-A5,235,,B07-N3,PICKING,AVAILABLE,True
1401,B07-N3-A6,235,,B07-N3,PICKING,AVAILABLE,True
1329,B07-N3-C1,235,,B07-N3,PICKING,AVAILABLE,True
1364,B07-N3-C10,235,,B07-N3,PICKING,AVAILABLE,True
1365,B07-N3-C11,235,,B07-N3,PICKING,AVAILABLE,True
873,B07-N3-C12,235,,B07-N3,PICKING,AVAILABLE,True
1380,B07-N3-C2,235,,B07-N3,PICKING,AVAILABLE,True
1337,B07-N3-C3,235,,B07-N3,PICKING,AVAILABLE,True
879,B07-N3-C4,235,,B07-N3,PICKING,AVAILABLE,True
872,B07-N3-C5,235,,B07-N3,PICKING,AVAILABLE,True
1394,B07-N3-C6,235,,B07-N3,PICKING,AVAILABLE,True
1395,B07-N3-C7,235,,B07-N3,PICKING,AVAILABLE,True
1381,B07-N3-C8,235,,B07-N3,PICKING,AVAILABLE,True
1382,B07-N3-C9,235,,B07-N3,PICKING,AVAILABLE,True
1383,B07-N3-E1,235,,B07-N3,PICKING,AVAILABLE,True
874,B07-N3-E2,235,,B07-N3,PICKING,AVAILABLE,True
417,B07-N3-E3,235,,B07-N3,PICKING,AVAILABLE,True
1097,B07-N3-E4,235,,B07-N3,PICKING,AVAILABLE,True
1339,B07-N3-E5,235,,B07-N3,PICKING,AVAILABLE,True
1396,B07-N3-E6,235,,B07-N3,PICKING,AVAILABLE,True
1384,B07-N3-E7,235,,B07-N3,PICKING,AVAILABLE,True
1385,B07-N3-E8,235,,B07-N3,PICKING,AVAILABLE,True
893,B07-N3-E9,235,,B07-N3,PICKING,AVAILABLE,True
1319,B07-N3-SOL,235,,B07-N3,PICKING,AVAILABLE,True
875,B07-N3-ST,235,,B07-N3,PICKING,AVAILABLE,True
1327,B07-N4-17,235,,B07-N4,PICKING,AVAILABLE,True
891,B07-N4-A1,235,,B07-N4,PICKING,AVAILABLE,True
1322,B07-N4-A2,235,,B07-N4,PICKING,AVAILABLE,True
892,B07-N4-A3,235,,B07-N4,PICKING,AVAILABLE,True
1349,B07-N4-A4,235,,B07-N4,PICKING,AVAILABLE,True
675,B07-N4-A5,235,,B07-N4,PICKING,AVAILABLE,True
868,B07-N4-A6,235,,B07-N4,PICKING,AVAILABLE,True
876,B07-N4-A7,235,,B07-N4,PICKING,AVAILABLE,True
676,B07-N4-C1,235,,B07-N4,PICKING,AVAILABLE,True
1096,B07-N4-C10,235,,B07-N4,PICKING,AVAILABLE,True
1362,B07-N4-C11,235,,B07-N4,PICKING,AVAILABLE,True
880,B07-N4-C12,235,,B07-N4,PICKING,AVAILABLE,True
1350,B07-N4-C2,235,,B07-N4,PICKING,AVAILABLE,True
869,B07-N4-C3,235,,B07-N4,PICKING,AVAILABLE,True
1328,B07-N4-C4,235,,B07-N4,PICKING,AVAILABLE,True
677,B07-N4-C5,235,,B07-N4,PICKING,AVAILABLE,True
870,B07-N4-C6,235,,B07-N4,PICKING,AVAILABLE,True
416,B07-N4-C7,235,,B07-N4,PICKING,AVAILABLE,True
1393,B07-N4-C8,235,,B07-N4,PICKING,AVAILABLE,True
1330,B07-N4-C9,235,,B07-N4,PICKING,AVAILABLE,True
1338,B07-N4-E1,235,,B07-N4,PICKING,AVAILABLE,True
1309,B07-N4-E10,235,,B07-N4,PICKING,AVAILABLE,True
1402,B07-N4-E11,235,,B07-N4,PICKING,AVAILABLE,True
1367,B07-N4-E12,235,,B07-N4,PICKING,AVAILABLE,True
1368,B07-N4-E13,235,,B07-N4,PICKING,AVAILABLE,True
877,B07-N4-E14,235,,B07-N4,PICKING,AVAILABLE,True
1340,B07-N4-E15,235,,B07-N4,PICKING,AVAILABLE,True
1348,B07-N4-E16,235,,B07-N4,PICKING,AVAILABLE,True
1310,B07-N4-E17,235,,B07-N4,PICKING,AVAILABLE,True
1300,B07-N4-E2,235,,B07-N4,PICKING,AVAILABLE,True
1363,B07-N4-E3,235,,B07-N4,PICKING,AVAILABLE,True
871,B07-N4-E4,235,,B07-N4,PICKING,AVAILABLE,True
1317,B07-N4-E5,235,,B07-N4,PICKING,AVAILABLE,True
1351,B07-N4-E6,235,,B07-N4,PICKING,AVAILABLE,True
881,B07-N4-E7,235,,B07-N4,PICKING,AVAILABLE,True
1318,B07-N4-E8,235,,B07-N4,PICKING,AVAILABLE,True
882,B07-N4-E9,235,,B07-N4,PICKING,AVAILABLE,True
1323,B07-N4-SOL,235,,B07-N4,PICKING,AVAILABLE,True
209,B6-00-02,235,,B07,PICKING,AVAILABLE,True
1311,B7-N0-Quai,235,,B07-N0,PICKING,AVAILABLE,True
1403,B7-00-0A,235,,B07-N0,PICKING,AVAILABLE,True
1404,B7+1,235,,B07-N1,PICKING,AVAILABLE,True
1405,B7-1,235,,B07-SS,PICKING,AVAILABLE,True
1406,B7+2,235,,B07-N2,PICKING,AVAILABLE,True
