id_emplacement,code_emplacement,id_entrepot,zone,type_emplacement,actif
418,0A-01-01,235,B7-PCK,PICKING,FALSE
422,0A-01-02,235,B7-PCK,PICKING,FALSE
426,0A-01-03,235,B7-PCK,PICKING,FALSE
430,0A-02-01,235,B7-PCK,PICKING,FALSE
434,0A-02-02,235,B7-PCK,PICKING,FALSE
438,0A-02-03,235,B7-PCK,PICKING,FALSE
442,0B-01-01,235,B7-PCK,PICKING,FALSE
446,0B-01-02,235,B7-PCK,PICKING,FALSE
450,0B-01-03,235,B7-PCK,PICKING,FALSE
454,0B-02-01,235,B7-PCK,PICKING,TRUE
458,0B-02-02,235,B7-PCK,PICKING,TRUE
462,0B-02-03,235,B7-PCK,PICKING,TRUE
466,0B-03-01,235,B7-PCK,PICKING,FALSE
470,0B-03-02,235,B7-PCK,PICKING,FALSE
474,0B-03-03,235,B7-PCK,PICKING,FALSE
478,0C-01-01,235,B7-PCK,PICKING,FALSE
482,0C-01-02,235,B7-PCK,PICKING,FALSE
486,0C-01-03,235,B7-PCK,PICKING,FALSE
680,0C-02-01,235,B7-PCK,PICKING,FALSE
684,0C-02-02,235,B7-PCK,PICKING,FALSE
688,0C-02-03,235,B7-PCK,PICKING,FALSE
692,0D-01-01,235,B7-PCK,PICKING,FALSE
696,0D-01-02,235,B7-PCK,PICKING,FALSE
700,0D-01-03,235,B7-PCK,PICKING,FALSE
704,0D-02-01,235,B7-PCK,PICKING,FALSE
708,0D-02-02,235,B7-PCK,PICKING,FALSE
712,0D-02-03,235,B7-PCK,PICKING,FALSE
716,0D-03-01,235,B7-PCK,PICKING,FALSE
720,0D-03-02,235,B7-PCK,PICKING,FALSE
724,0D-03-03,235,B7-PCK,PICKING,FALSE
728,0E-01-01,235,B7-PCK,PICKING,TRUE
732,0E-01-02,235,B7-PCK,PICKING,TRUE
736,0E-01-03,235,B7-PCK,PICKING,TRUE
740,0E-02-01,235,B7-PCK,PICKING,FALSE
744,0E-02-02,235,B7-PCK,PICKING,FALSE
748,0E-02-03,235,B7-PCK,PICKING,FALSE
752,0F-01-01,235,B7-PCK,PICKING,FALSE
756,0F-01-02,235,B7-PCK,PICKING,FALSE
760,0F-01-03,235,B7-PCK,PICKING,FALSE
764,0F-02-01,235,B7-PCK,PICKING,FALSE
768,0F-02-02,235,B7-PCK,PICKING,FALSE
772,0F-02-03,235,B7-PCK,PICKING,FALSE
776,0F-03-01,235,B7-PCK,PICKING,FALSE
780,0F-03-02,235,B7-PCK,PICKING,FALSE
784,0F-03-03,235,B7-PCK,PICKING,FALSE
788,0G-01-01,235,B7-PCK,PICKING,FALSE
792,0G-01-02,235,B7-PCK,PICKING,FALSE
796,0G-01-03,235,B7-PCK,PICKING,FALSE
800,0G-02-01,235,B7-PCK,PICKING,FALSE
804,0G-02-02,235,B7-PCK,PICKING,FALSE
808,0G-02-03,235,B7-PCK,PICKING,FALSE
812,0H-01-01,235,B7-PCK,PICKING,TRUE
816,0H-01-02,235,B7-PCK,PICKING,TRUE
820,0H-01-03,235,B7-PCK,PICKING,TRUE
824,0H-02-01,235,B7-PCK,PICKING,TRUE
828,0H-02-02,235,B7-PCK,PICKING,TRUE
832,0H-02-03,235,B7-PCK,PICKING,TRUE
836,0H-03-01,235,B7-PCK,PICKING,TRUE
840,0H-03-02,235,B7-PCK,PICKING,TRUE
844,0H-03-03,235,B7-PCK,PICKING,TRUE
848,0I-01-01,235,B7-PCK,PICKING,FALSE
852,0I-01-02,235,B7-PCK,PICKING,FALSE
856,0I-01-03,235,B7-PCK,PICKING,FALSE
860,0I-02-01,235,B7-PCK,PICKING,FALSE
894,0I-02-02,235,B7-PCK,PICKING,FALSE
898,0I-02-03,235,B7-PCK,PICKING,FALSE
902,0K-01-01,235,B7-PCK,PICKING,FALSE
906,0K-01-02,235,B7-PCK,PICKING,FALSE
910,0K-01-03,235,B7-PCK,PICKING,FALSE
914,0K-02-01,235,B7-PCK,PICKING,FALSE
918,0K-02-02,235,B7-PCK,PICKING,FALSE
922,0K-02-03,235,B7-PCK,PICKING,FALSE
926,0K-03-01,235,B7-PCK,PICKING,FALSE
930,0K-03-02,235,B7-PCK,PICKING,FALSE
934,0K-03-03,235,B7-PCK,PICKING,FALSE
974,0M-01-01,235,B7-PCK,PICKING,FALSE
978,0M-01-02,235,B7-PCK,PICKING,FALSE
982,0M-01-03,235,B7-PCK,PICKING,FALSE
986,0M-02-01,235,B7-PCK,PICKING,FALSE
990,0M-02-02,235,B7-PCK,PICKING,FALSE
994,0M-02-03,235,B7-PCK,PICKING,FALSE
938,0N-01-01,235,B7-PCK,PICKING,FALSE
942,0N-01-02,235,B7-PCK,PICKING,FALSE
946,0N-01-03,235,B7-PCK,PICKING,FALSE
950,0N-02-01,235,B7-PCK,PICKING,FALSE
954,0N-02-02,235,B7-PCK,PICKING,FALSE
958,0N-02-03,235,B7-PCK,PICKING,FALSE
962,0N-03-01,235,B7-PCK,PICKING,FALSE
966,0N-03-02,235,B7-PCK,PICKING,FALSE
970,0N-03-03,235,B7-PCK,PICKING,FALSE
998,0P-01-01,235,B7-PCK,PICKING,FALSE
1002,0P-01-02,235,B7-PCK,PICKING,FALSE
1006,0P-01-03,235,B7-PCK,PICKING,FALSE
1010,0P-02-01,235,B7-PCK,PICKING,FALSE
1014,0P-02-02,235,B7-PCK,PICKING,FALSE
1018,0P-02-03,235,B7-PCK,PICKING,FALSE
1022,0Q-01-01,235,B7-PCK,PICKING,FALSE
1026,0Q-01-02,235,B7-PCK,PICKING,FALSE
1030,0Q-01-03,235,B7-PCK,PICKING,FALSE
1034,0Q-02-01,235,B7-PCK,PICKING,FALSE
1038,0Q-02-02,235,B7-PCK,PICKING,FALSE
1042,0Q-02-03,235,B7-PCK,PICKING,FALSE
1046,0Q-03-01,235,B7-PCK,PICKING,FALSE
1050,0Q-03-02,235,B7-PCK,PICKING,FALSE
1054,0Q-03-03,235,B7-PCK,PICKING,FALSE
1058,0R-01-01,235,B7-PCK,PICKING,FALSE
1062,0R-01-02,235,B7-PCK,PICKING,FALSE
1066,0R-01-03,235,B7-PCK,PICKING,FALSE
1070,0R-02-01,235,B7-PCK,PICKING,FALSE
1074,0R-02-02,235,B7-PCK,PICKING,FALSE
1078,0R-02-03,235,B7-PCK,PICKING,FALSE
1082,0S-01-01,235,B7-PCK,PICKING,FALSE
1086,0S-01-02,235,B7-PCK,PICKING,FALSE
1098,0S-01-03,235,B7-PCK,PICKING,FALSE
1102,0S-02-01,235,B7-PCK,PICKING,FALSE
1342,0S-02-02,235,B7-PCK,PICKING,FALSE
1109,0S-02-03,235,B7-PCK,PICKING,FALSE
1113,0S-03-01,235,B7-PCK,PICKING,FALSE
1117,0S-03-02,235,B7-PCK,PICKING,FALSE
1121,0S-03-03,235,B7-PCK,PICKING,FALSE
1125,0T-01-01,235,B7-PCK,PICKING,FALSE
1129,0T-01-02,235,B7-PCK,PICKING,FALSE
1133,0T-01-03,235,B7-PCK,PICKING,FALSE
1137,0T-02-01,235,B7-PCK,PICKING,FALSE
1141,0T-02-02,235,B7-PCK,PICKING,FALSE
1145,0T-02-03,235,B7-PCK,PICKING,FALSE
1149,0V-01-01,235,B7-PCK,PICKING,FALSE
1153,0V-01-02,235,B7-PCK,PICKING,FALSE
1157,0V-01-03,235,B7-PCK,PICKING,FALSE
1161,0V-02-01,235,B7-PCK,PICKING,FALSE
1165,0V-02-02,235,B7-PCK,PICKING,FALSE
1169,0V-02-03,235,B7-PCK,PICKING,TRUE
1173,0V-03-01,235,B7-PCK,PICKING,FALSE
1177,0V-03-02,235,B7-PCK,PICKING,FALSE
1181,0V-03-03,235,B7-PCK,PICKING,FALSE
1185,0W-01-01,235,B7-PCK,PICKING,FALSE
1189,0W-01-02,235,B7-PCK,PICKING,FALSE
1193,0W-01-03,235,B7-PCK,PICKING,FALSE
1197,0W-02-01,235,B7-PCK,PICKING,FALSE
1201,0W-02-02,235,B7-PCK,PICKING,FALSE
1205,0W-02-03,235,B7-PCK,PICKING,FALSE
1209,0W-03-01,235,B7-PCK,PICKING,TRUE
1213,0W-03-02,235,B7-PCK,PICKING,TRUE
1217,0W-03-03,235,B7-PCK,PICKING,TRUE
1221,0W-04-01,235,B7-PCK,PICKING,FALSE
1225,0W-04-02,235,B7-PCK,PICKING,FALSE
1229,0W-04-03,235,B7-PCK,PICKING,FALSE
1233,0W-05-01,235,B7-PCK,PICKING,TRUE
1237,0W-05-02,235,B7-PCK,PICKING,TRUE
1241,0W-05-03,235,B7-PCK,PICKING,TRUE
1245,0X-01-01,235,B7-PCK,PICKING,FALSE
1249,0X-01-02,235,B7-PCK,PICKING,FALSE
1253,0X-01-03,235,B7-PCK,PICKING,FALSE
1257,0X-02-01,235,B7-PCK,PICKING,FALSE
1261,0X-02-02,235,B7-PCK,PICKING,FALSE
1265,0X-02-03,235,B7-PCK,PICKING,FALSE
1269,0X-03-01,235,B7-PCK,PICKING,FALSE
1273,0X-03-02,235,B7-PCK,PICKING,FALSE
1277,0X-03-03,235,B7-PCK,PICKING,FALSE
1281,0X-04-01,235,B7-PCK,PICKING,FALSE
1285,0X-04-02,235,B7-PCK,PICKING,FALSE
1289,0X-04-03,235,B7-PCK,PICKING,FALSE
1293,0X-05-01,235,B7-PCK,PICKING,FALSE
1299,0X-05-02,235,B7-PCK,PICKING,FALSE
1305,0X-05-03,235,B7-PCK,PICKING,FALSE
419,1A-01-01,235,B7-PCK,PICKING,FALSE
423,1A-01-02,235,B7-PCK,PICKING,FALSE
427,1A-01-03,235,B7-PCK,PICKING,FALSE
431,1A-02-01,235,B7-PCK,PICKING,FALSE
435,1A-02-02,235,B7-PCK,PICKING,FALSE
439,1A-02-03,235,B7-PCK,PICKING,FALSE
443,1B-01-01,235,B7-PCK,PICKING,FALSE
447,1B-01-02,235,B7-PCK,PICKING,FALSE
451,1B-01-03,235,B7-PCK,PICKING,FALSE
455,1B-02-01,235,B7-PCK,PICKING,FALSE
459,1B-02-02,235,B7-PCK,PICKING,FALSE
463,1B-02-03,235,B7-PCK,PICKING,FALSE
467,1B-03-01,235,B7-PCK,PICKING,FALSE
471,1B-03-02,235,B7-PCK,PICKING,FALSE
475,1B-03-03,235,B7-PCK,PICKING,FALSE
479,1C-01-01,235,B7-PCK,PICKING,FALSE
483,1C-01-02,235,B7-PCK,PICKING,FALSE
487,1C-01-03,235,B7-PCK,PICKING,FALSE
681,1C-02-01,235,B7-PCK,PICKING,FALSE
685,1C-02-02,235,B7-PCK,PICKING,FALSE
689,1C-02-03,235,B7-PCK,PICKING,FALSE
693,1D-01-01,235,B7-PCK,PICKING,FALSE
697,1D-01-02,235,B7-PCK,PICKING,FALSE
701,1D-01-03,235,B7-PCK,PICKING,FALSE
705,1D-02-01,235,B7-PCK,PICKING,FALSE
709,1D-02-02,235,B7-PCK,PICKING,FALSE
713,1D-02-03,235,B7-PCK,PICKING,FALSE
717,1D-03-01,235,B7-PCK,PICKING,FALSE
721,1D-03-02,235,B7-PCK,PICKING,FALSE
725,1D-03-03,235,B7-PCK,PICKING,FALSE
729,1E-01-01,235,B7-PCK,PICKING,FALSE
733,1E-01-02,235,B7-PCK,PICKING,FALSE
737,1E-01-03,235,B7-PCK,PICKING,FALSE
741,1E-02-01,235,B7-PCK,PICKING,FALSE
745,1E-02-02,235,B7-PCK,PICKING,FALSE
749,1E-02-03,235,B7-PCK,PICKING,FALSE
753,1F-01-01,235,B7-PCK,PICKING,FALSE
757,1F-01-02,235,B7-PCK,PICKING,FALSE
761,1F-01-03,235,B7-PCK,PICKING,FALSE
765,1F-02-01,235,B7-PCK,PICKING,FALSE
769,1F-02-02,235,B7-PCK,PICKING,FALSE
773,1F-02-03,235,B7-PCK,PICKING,FALSE
777,1F-03-01,235,B7-PCK,PICKING,FALSE
781,1F-03-02,235,B7-PCK,PICKING,FALSE
785,1F-03-03,235,B7-PCK,PICKING,FALSE
789,1G-01-01,235,B7-PCK,PICKING,FALSE
793,1G-01-02,235,B7-PCK,PICKING,FALSE
797,1G-01-03,235,B7-PCK,PICKING,FALSE
801,1G-02-01,235,B7-PCK,PICKING,FALSE
805,1G-02-02,235,B7-PCK,PICKING,FALSE
809,1G-02-03,235,B7-PCK,PICKING,FALSE
813,1H-01-01,235,B7-PCK,PICKING,TRUE
817,1H-01-02,235,B7-PCK,PICKING,TRUE
821,1H-01-03,235,B7-PCK,PICKING,TRUE
825,1H-02-01,235,B7-PCK,PICKING,TRUE
829,1H-02-02,235,B7-PCK,PICKING,TRUE
833,1H-02-03,235,B7-PCK,PICKING,TRUE
837,1H-03-01,235,B7-PCK,PICKING,TRUE
841,1H-03-02,235,B7-PCK,PICKING,TRUE
845,1H-03-03,235,B7-PCK,PICKING,TRUE
849,1I-01-01,235,B7-PCK,PICKING,FALSE
853,1I-01-02,235,B7-PCK,PICKING,FALSE
857,1I-01-03,235,B7-PCK,PICKING,FALSE
861,1I-02-01,235,B7-PCK,PICKING,FALSE
895,1I-02-02,235,B7-PCK,PICKING,FALSE
899,1I-02-03,235,B7-PCK,PICKING,FALSE
903,1K-01-01,235,B7-PCK,PICKING,FALSE
907,1K-01-02,235,B7-PCK,PICKING,FALSE
911,1K-01-03,235,B7-PCK,PICKING,FALSE
915,1K-02-01,235,B7-PCK,PICKING,FALSE
919,1K-02-02,235,B7-PCK,PICKING,FALSE
923,1K-02-03,235,B7-PCK,PICKING,FALSE
927,1K-03-01,235,B7-PCK,PICKING,FALSE
931,1K-03-02,235,B7-PCK,PICKING,FALSE
935,1K-03-03,235,B7-PCK,PICKING,FALSE
975,1M-01-01,235,B7-PCK,PICKING,FALSE
979,1M-01-02,235,B7-PCK,PICKING,FALSE
983,1M-01-03,235,B7-PCK,PICKING,FALSE
987,1M-02-01,235,B7-PCK,PICKING,FALSE
991,1M-02-02,235,B7-PCK,PICKING,FALSE
995,1M-02-03,235,B7-PCK,PICKING,FALSE
939,1N-01-01,235,B7-PCK,PICKING,FALSE
943,1N-01-02,235,B7-PCK,PICKING,FALSE
947,1N-01-03,235,B7-PCK,PICKING,FALSE
951,1N-02-01,235,B7-PCK,PICKING,FALSE
955,1N-02-02,235,B7-PCK,PICKING,FALSE
959,1N-02-03,235,B7-PCK,PICKING,FALSE
963,1N-03-01,235,B7-PCK,PICKING,FALSE
967,1N-03-02,235,B7-PCK,PICKING,FALSE
971,1N-03-03,235,B7-PCK,PICKING,FALSE
999,1P-01-01,235,B7-PCK,PICKING,FALSE
1003,1P-01-02,235,B7-PCK,PICKING,FALSE
1007,1P-01-03,235,B7-PCK,PICKING,FALSE
1011,1P-02-01,235,B7-PCK,PICKING,FALSE
1015,1P-02-02,235,B7-PCK,PICKING,FALSE
1019,1P-02-03,235,B7-PCK,PICKING,FALSE
1023,1Q-01-01,235,B7-PCK,PICKING,FALSE
1027,1Q-01-02,235,B7-PCK,PICKING,FALSE
1031,1Q-01-03,235,B7-PCK,PICKING,FALSE
1035,1Q-02-01,235,B7-PCK,PICKING,FALSE
1039,1Q-02-02,235,B7-PCK,PICKING,FALSE
1043,1Q-02-03,235,B7-PCK,PICKING,FALSE
1047,1Q-03-01,235,B7-PCK,PICKING,FALSE
1051,1Q-03-02,235,B7-PCK,PICKING,FALSE
1055,1Q-03-03,235,B7-PCK,PICKING,FALSE
1059,1R-01-01,235,B7-PCK,PICKING,FALSE
1063,1R-01-02,235,B7-PCK,PICKING,FALSE
1067,1R-01-03,235,B7-PCK,PICKING,FALSE
1071,1R-02-01,235,B7-PCK,PICKING,FALSE
1075,1R-02-02,235,B7-PCK,PICKING,FALSE
1079,1R-02-03,235,B7-PCK,PICKING,FALSE
1083,1S-01-01,235,B7-PCK,PICKING,FALSE
1087,1S-01-02,235,B7-PCK,PICKING,FALSE
1099,1S-01-03,235,B7-PCK,PICKING,FALSE
1103,1S-02-01,235,B7-PCK,PICKING,FALSE
1106,1S-02-02,235,B7-PCK,PICKING,FALSE
1110,1S-02-03,235,B7-PCK,PICKING,FALSE
1114,1S-03-01,235,B7-PCK,PICKING,FALSE
1118,1S-03-02,235,B7-PCK,PICKING,FALSE
1122,1S-03-03,235,B7-PCK,PICKING,FALSE
1126,1T-01-01,235,B7-PCK,PICKING,FALSE
1130,1T-01-02,235,B7-PCK,PICKING,FALSE
1134,1T-01-03,235,B7-PCK,PICKING,FALSE
1138,1T-02-01,235,B7-PCK,PICKING,FALSE
1142,1T-02-02,235,B7-PCK,PICKING,FALSE
1146,1T-02-03,235,B7-PCK,PICKING,FALSE
1150,1V-01-01,235,B7-PCK,PICKING,FALSE
1154,1V-01-02,235,B7-PCK,PICKING,FALSE
1158,1V-01-03,235,B7-PCK,PICKING,FALSE
1162,1V-02-01,235,B7-PCK,PICKING,FALSE
1166,1V-02-02,235,B7-PCK,PICKING,FALSE
1170,1V-02-03,235,B7-PCK,PICKING,FALSE
1174,1V-03-01,235,B7-PCK,PICKING,FALSE
1178,1V-03-02,235,B7-PCK,PICKING,FALSE
1182,1V-03-03,235,B7-PCK,PICKING,FALSE
1186,1W-01-01,235,B7-PCK,PICKING,FALSE
1190,1W-01-02,235,B7-PCK,PICKING,FALSE
1194,1W-01-03,235,B7-PCK,PICKING,FALSE
1198,1W-02-01,235,B7-PCK,PICKING,FALSE
1202,1W-02-02,235,B7-PCK,PICKING,FALSE
1206,1W-02-03,235,B7-PCK,PICKING,FALSE
1210,1W-03-01,235,B7-PCK,PICKING,FALSE
1214,1W-03-02,235,B7-PCK,PICKING,FALSE
1218,1W-03-03,235,B7-PCK,PICKING,FALSE
1222,1W-04-01,235,B7-PCK,PICKING,FALSE
1226,1W-04-02,235,B7-PCK,PICKING,FALSE
1230,1W-04-03,235,B7-PCK,PICKING,FALSE
1234,1W-05-01,235,B7-PCK,PICKING,FALSE
1238,1W-05-02,235,B7-PCK,PICKING,FALSE
1242,1W-05-03,235,B7-PCK,PICKING,FALSE
1246,1X-01-01,235,B7-PCK,PICKING,FALSE
1250,1X-01-02,235,B7-PCK,PICKING,FALSE
1254,1X-01-03,235,B7-PCK,PICKING,FALSE
1258,1X-02-01,235,B7-PCK,PICKING,FALSE
1262,1X-02-02,235,B7-PCK,PICKING,FALSE
1266,1X-02-03,235,B7-PCK,PICKING,FALSE
1270,1X-03-01,235,B7-PCK,PICKING,FALSE
1274,1X-03-02,235,B7-PCK,PICKING,FALSE
1278,1X-03-03,235,B7-PCK,PICKING,FALSE
1282,1X-04-01,235,B7-PCK,PICKING,FALSE
1286,1X-04-02,235,B7-PCK,PICKING,FALSE
1290,1X-04-03,235,B7-PCK,PICKING,FALSE
1294,1X-05-01,235,B7-PCK,PICKING,FALSE
1302,1X-05-02,235,B7-PCK,PICKING,FALSE
1306,1X-05-03,235,B7-PCK,PICKING,FALSE
420,2A-01-01,235,B7-PCK,PICKING,FALSE
424,2A-01-02,235,B7-PCK,PICKING,FALSE
428,2A-01-03,235,B7-PCK,PICKING,FALSE
432,2A-02-01,235,B7-PCK,PICKING,FALSE
436,2A-02-02,235,B7-PCK,PICKING,FALSE
440,2A-02-03,235,B7-PCK,PICKING,FALSE
444,2B-01-01,235,B7-PCK,PICKING,FALSE
448,2B-01-02,235,B7-PCK,PICKING,FALSE
452,2B-01-03,235,B7-PCK,PICKING,FALSE
456,2B-02-01,235,B7-PCK,PICKING,FALSE
460,2B-02-02,235,B7-PCK,PICKING,FALSE
464,2B-02-03,235,B7-PCK,PICKING,FALSE
468,2B-03-01,235,B7-PCK,PICKING,FALSE
472,2B-03-02,235,B7-PCK,PICKING,FALSE
476,2B-03-03,235,B7-PCK,PICKING,FALSE
480,2C-01-01,235,B7-PCK,PICKING,FALSE
484,2C-01-02,235,B7-PCK,PICKING,FALSE
678,2C-01-03,235,B7-PCK,PICKING,FALSE
682,2C-02-01,235,B7-PCK,PICKING,FALSE
686,2C-02-02,235,B7-PCK,PICKING,FALSE
690,2C-02-03,235,B7-PCK,PICKING,FALSE
694,2D-01-01,235,B7-PCK,PICKING,FALSE
698,2D-01-02,235,B7-PCK,PICKING,FALSE
702,2D-01-03,235,B7-PCK,PICKING,FALSE
706,2D-02-01,235,B7-PCK,PICKING,FALSE
710,2D-02-02,235,B7-PCK,PICKING,FALSE
714,2D-02-03,235,B7-PCK,PICKING,FALSE
718,2D-03-01,235,B7-PCK,PICKING,FALSE
722,2D-03-02,235,B7-PCK,PICKING,FALSE
726,2D-03-03,235,B7-PCK,PICKING,FALSE
730,2E-01-01,235,B7-PCK,PICKING,FALSE
734,2E-01-02,235,B7-PCK,PICKING,FALSE
738,2E-01-03,235,B7-PCK,PICKING,FALSE
742,2E-02-01,235,B7-PCK,PICKING,FALSE
746,2E-02-02,235,B7-PCK,PICKING,FALSE
750,2E-02-03,235,B7-PCK,PICKING,FALSE
754,2F-01-01,235,B7-PCK,PICKING,FALSE
758,2F-01-02,235,B7-PCK,PICKING,FALSE
762,2F-01-03,235,B7-PCK,PICKING,FALSE
766,2F-02-01,235,B7-PCK,PICKING,FALSE
770,2F-02-02,235,B7-PCK,PICKING,FALSE
774,2F-02-03,235,B7-PCK,PICKING,FALSE
778,2F-03-01,235,B7-PCK,PICKING,FALSE
782,2F-03-02,235,B7-PCK,PICKING,FALSE
786,2F-03-03,235,B7-PCK,PICKING,FALSE
790,2G-01-01,235,B7-PCK,PICKING,FALSE
794,2G-01-02,235,B7-PCK,PICKING,FALSE
798,2G-01-03,235,B7-PCK,PICKING,FALSE
802,2G-02-01,235,B7-PCK,PICKING,FALSE
806,2G-02-02,235,B7-PCK,PICKING,FALSE
810,2G-02-03,235,B7-PCK,PICKING,FALSE
814,2H-01-01,235,B7-PCK,PICKING,TRUE
818,2H-01-02,235,B7-PCK,PICKING,TRUE
822,2H-01-03,235,B7-PCK,PICKING,TRUE
826,2H-02-01,235,B7-PCK,PICKING,TRUE
830,2H-02-02,235,B7-PCK,PICKING,TRUE
834,2H-02-03,235,B7-PCK,PICKING,TRUE
838,2H-03-01,235,B7-PCK,PICKING,TRUE
842,2H-03-02,235,B7-PCK,PICKING,TRUE
846,2H-03-03,235,B7-PCK,PICKING,TRUE
850,2I-01-01,235,B7-PCK,PICKING,FALSE
854,2I-01-02,235,B7-PCK,PICKING,FALSE
858,2I-01-03,235,B7-PCK,PICKING,FALSE
862,2I-02-01,235,B7-PCK,PICKING,FALSE
896,2I-02-02,235,B7-PCK,PICKING,FALSE
900,2I-02-03,235,B7-PCK,PICKING,FALSE
904,2K-01-01,235,B7-PCK,PICKING,FALSE
908,2K-01-02,235,B7-PCK,PICKING,FALSE
912,2K-01-03,235,B7-PCK,PICKING,FALSE
916,2K-02-01,235,B7-PCK,PICKING,FALSE
920,2K-02-02,235,B7-PCK,PICKING,FALSE
924,2K-02-03,235,B7-PCK,PICKING,FALSE
928,2K-03-01,235,B7-PCK,PICKING,FALSE
932,2K-03-02,235,B7-PCK,PICKING,FALSE
936,2K-03-03,235,B7-PCK,PICKING,FALSE
976,2M-01-01,235,B7-PCK,PICKING,FALSE
980,2M-01-02,235,B7-PCK,PICKING,FALSE
984,2M-01-03,235,B7-PCK,PICKING,FALSE
988,2M-02-01,235,B7-PCK,PICKING,FALSE
992,2M-02-02,235,B7-PCK,PICKING,FALSE
996,2M-02-03,235,B7-PCK,PICKING,FALSE
940,2N-01-01,235,B7-PCK,PICKING,FALSE
944,2N-01-02,235,B7-PCK,PICKING,FALSE
948,2N-01-03,235,B7-PCK,PICKING,FALSE
952,2N-02-01,235,B7-PCK,PICKING,FALSE
956,2N-02-02,235,B7-PCK,PICKING,FALSE
960,2N-02-03,235,B7-PCK,PICKING,FALSE
964,2N-03-01,235,B7-PCK,PICKING,FALSE
968,2N-03-02,235,B7-PCK,PICKING,FALSE
972,2N-03-03,235,B7-PCK,PICKING,FALSE
1000,2P-01-01,235,B7-PCK,PICKING,FALSE
1004,2P-01-02,235,B7-PCK,PICKING,FALSE
1008,2P-01-03,235,B7-PCK,PICKING,FALSE
1012,2P-02-01,235,B7-PCK,PICKING,FALSE
1016,2P-02-02,235,B7-PCK,PICKING,FALSE
1020,2P-02-03,235,B7-PCK,PICKING,FALSE
1024,2Q-01-01,235,B7-PCK,PICKING,FALSE
1028,2Q-01-02,235,B7-PCK,PICKING,FALSE
1032,2Q-01-03,235,B7-PCK,PICKING,FALSE
1036,2Q-02-01,235,B7-PCK,PICKING,FALSE
1040,2Q-02-02,235,B7-PCK,PICKING,FALSE
1044,2Q-02-03,235,B7-PCK,PICKING,FALSE
1048,2Q-03-01,235,B7-PCK,PICKING,FALSE
1052,2Q-03-02,235,B7-PCK,PICKING,FALSE
1056,2Q-03-03,235,B7-PCK,PICKING,FALSE
1060,2R-01-01,235,B7-PCK,PICKING,FALSE
1064,2R-01-02,235,B7-PCK,PICKING,FALSE
1068,2R-01-03,235,B7-PCK,PICKING,FALSE
1072,2R-02-01,235,B7-PCK,PICKING,FALSE
1076,2R-02-02,235,B7-PCK,PICKING,FALSE
1080,2R-02-03,235,B7-PCK,PICKING,FALSE
1084,2S-01-01,235,B7-PCK,PICKING,FALSE
1088,2S-01-02,235,B7-PCK,PICKING,FALSE
1100,2S-01-03,235,B7-PCK,PICKING,FALSE
1104,2S-02-01,235,B7-PCK,PICKING,FALSE
1107,2S-02-02,235,B7-PCK,PICKING,FALSE
1111,2S-02-03,235,B7-PCK,PICKING,FALSE
1115,2S-03-01,235,B7-PCK,PICKING,FALSE
1119,2S-03-02,235,B7-PCK,PICKING,FALSE
1123,2S-03-03,235,B7-PCK,PICKING,FALSE
1127,2T-01-01,235,B7-PCK,PICKING,FALSE
1131,2T-01-02,235,B7-PCK,PICKING,FALSE
1135,2T-01-03,235,B7-PCK,PICKING,FALSE
1139,2T-02-01,235,B7-PCK,PICKING,FALSE
1143,2T-02-02,235,B7-PCK,PICKING,FALSE
1147,2T-02-03,235,B7-PCK,PICKING,FALSE
1151,2V-01-01,235,B7-PCK,PICKING,FALSE
1155,2V-01-02,235,B7-PCK,PICKING,FALSE
1159,2V-01-03,235,B7-PCK,PICKING,FALSE
1163,2V-02-01,235,B7-PCK,PICKING,FALSE
1167,2V-02-02,235,B7-PCK,PICKING,FALSE
1171,2V-02-03,235,B7-PCK,PICKING,FALSE
1175,2V-03-01,235,B7-PCK,PICKING,FALSE
1179,2V-03-02,235,B7-PCK,PICKING,FALSE
1183,2V-03-03,235,B7-PCK,PICKING,FALSE
1187,2W-01-01,235,B7-PCK,PICKING,FALSE
1191,2W-01-02,235,B7-PCK,PICKING,FALSE
1195,2W-01-03,235,B7-PCK,PICKING,FALSE
1199,2W-02-01,235,B7-PCK,PICKING,FALSE
1203,2W-02-02,235,B7-PCK,PICKING,FALSE
1207,2W-02-03,235,B7-PCK,PICKING,FALSE
1211,2W-03-01,235,B7-PCK,PICKING,FALSE
1215,2W-03-02,235,B7-PCK,PICKING,FALSE
1219,2W-03-03,235,B7-PCK,PICKING,FALSE
1223,2W-04-01,235,B7-PCK,PICKING,FALSE
1227,2W-04-02,235,B7-PCK,PICKING,FALSE
1231,2W-04-03,235,B7-PCK,PICKING,FALSE
1235,2W-05-01,235,B7-PCK,PICKING,FALSE
1239,2W-05-02,235,B7-PCK,PICKING,FALSE
1243,2W-05-03,235,B7-PCK,PICKING,FALSE
1247,2X-01-01,235,B7-PCK,PICKING,FALSE
1251,2X-01-02,235,B7-PCK,PICKING,FALSE
1255,2X-01-03,235,B7-PCK,PICKING,FALSE
1259,2X-02-01,235,B7-PCK,PICKING,FALSE
1263,2X-02-02,235,B7-PCK,PICKING,FALSE
1267,2X-02-03,235,B7-PCK,PICKING,FALSE
1271,2X-03-01,235,B7-PCK,PICKING,FALSE
1275,2X-03-02,235,B7-PCK,PICKING,FALSE
1279,2X-03-03,235,B7-PCK,PICKING,FALSE
1283,2X-04-01,235,B7-PCK,PICKING,FALSE
1287,2X-04-02,235,B7-PCK,PICKING,FALSE
1291,2X-04-03,235,B7-PCK,PICKING,FALSE
1295,2X-05-01,235,B7-PCK,PICKING,FALSE
1303,2X-05-02,235,B7-PCK,PICKING,FALSE
1307,2X-05-03,235,B7-PCK,PICKING,FALSE
421,3A-01-01,235,B7-PCK,PICKING,FALSE
425,3A-01-02,235,B7-PCK,PICKING,FALSE
429,3A-01-03,235,B7-PCK,PICKING,FALSE
433,3A-02-01,235,B7-PCK,PICKING,FALSE
437,3A-02-02,235,B7-PCK,PICKING,FALSE
441,3A-02-03,235,B7-PCK,PICKING,FALSE
445,3B-01-01,235,B7-PCK,PICKING,FALSE
449,3B-01-02,235,B7-PCK,PICKING,FALSE
453,3B-01-03,235,B7-PCK,PICKING,FALSE
457,3B-02-01,235,B7-PCK,PICKING,FALSE
461,3B-02-02,235,B7-PCK,PICKING,FALSE
465,3B-02-03,235,B7-PCK,PICKING,FALSE
469,3B-03-01,235,B7-PCK,PICKING,FALSE
473,3B-03-02,235,B7-PCK,PICKING,FALSE
477,3B-03-03,235,B7-PCK,PICKING,FALSE
481,3C-01-01,235,B7-PCK,PICKING,FALSE
485,3C-01-02,235,B7-PCK,PICKING,FALSE
679,3C-01-03,235,B7-PCK,PICKING,FALSE
683,3C-02-01,235,B7-PCK,PICKING,FALSE
687,3C-02-02,235,B7-PCK,PICKING,FALSE
691,3C-02-03,235,B7-PCK,PICKING,FALSE
695,3D-01-01,235,B7-PCK,PICKING,FALSE
699,3D-01-02,235,B7-PCK,PICKING,FALSE
703,3D-01-03,235,B7-PCK,PICKING,FALSE
707,3D-02-01,235,B7-PCK,PICKING,FALSE
711,3D-02-02,235,B7-PCK,PICKING,FALSE
715,3D-02-03,235,B7-PCK,PICKING,FALSE
719,3D-03-01,235,B7-PCK,PICKING,FALSE
723,3D-03-02,235,B7-PCK,PICKING,FALSE
727,3D-03-03,235,B7-PCK,PICKING,FALSE
731,3E-01-01,235,B7-PCK,PICKING,FALSE
735,3E-01-02,235,B7-PCK,PICKING,FALSE
739,3E-01-03,235,B7-PCK,PICKING,FALSE
743,3E-02-01,235,B7-PCK,PICKING,FALSE
747,3E-02-02,235,B7-PCK,PICKING,FALSE
751,3E-02-03,235,B7-PCK,PICKING,FALSE
755,3F-01-01,235,B7-PCK,PICKING,FALSE
759,3F-01-02,235,B7-PCK,PICKING,FALSE
763,3F-01-03,235,B7-PCK,PICKING,FALSE
767,3F-02-01,235,B7-PCK,PICKING,FALSE
771,3F-02-02,235,B7-PCK,PICKING,FALSE
775,3F-02-03,235,B7-PCK,PICKING,FALSE
779,3F-03-01,235,B7-PCK,PICKING,FALSE
783,3F-03-02,235,B7-PCK,PICKING,FALSE
787,3F-03-03,235,B7-PCK,PICKING,FALSE
791,3G-01-01,235,B7-PCK,PICKING,FALSE
795,3G-01-02,235,B7-PCK,PICKING,FALSE
799,3G-01-03,235,B7-PCK,PICKING,FALSE
803,3G-02-01,235,B7-PCK,PICKING,FALSE
807,3G-02-02,235,B7-PCK,PICKING,FALSE
811,3G-02-03,235,B7-PCK,PICKING,FALSE
815,3H-01-01,235,B7-PCK,PICKING,TRUE
819,3H-01-02,235,B7-PCK,PICKING,TRUE
823,3H-01-03,235,B7-PCK,PICKING,TRUE
827,3H-02-01,235,B7-PCK,PICKING,TRUE
831,3H-02-02,235,B7-PCK,PICKING,TRUE
835,3H-02-03,235,B7-PCK,PICKING,TRUE
839,3H-03-01,235,B7-PCK,PICKING,TRUE
843,3H-03-02,235,B7-PCK,PICKING,TRUE
847,3H-03-03,235,B7-PCK,PICKING,TRUE
851,3I-01-01,235,B7-PCK,PICKING,FALSE
855,3I-01-02,235,B7-PCK,PICKING,FALSE
859,3I-01-03,235,B7-PCK,PICKING,FALSE
863,3I-02-01,235,B7-PCK,PICKING,FALSE
897,3I-02-02,235,B7-PCK,PICKING,FALSE
901,3I-02-03,235,B7-PCK,PICKING,FALSE
905,3K-01-01,235,B7-PCK,PICKING,FALSE
909,3K-01-02,235,B7-PCK,PICKING,FALSE
913,3K-01-03,235,B7-PCK,PICKING,FALSE
917,3K-02-01,235,B7-PCK,PICKING,FALSE
921,3K-02-02,235,B7-PCK,PICKING,FALSE
925,3K-02-03,235,B7-PCK,PICKING,FALSE
929,3K-03-01,235,B7-PCK,PICKING,FALSE
933,3K-03-02,235,B7-PCK,PICKING,FALSE
937,3K-03-03,235,B7-PCK,PICKING,FALSE
977,3M-01-01,235,B7-PCK,PICKING,FALSE
981,3M-01-02,235,B7-PCK,PICKING,FALSE
985,3M-01-03,235,B7-PCK,PICKING,FALSE
989,3M-02-01,235,B7-PCK,PICKING,FALSE
993,3M-02-02,235,B7-PCK,PICKING,FALSE
997,3M-02-03,235,B7-PCK,PICKING,FALSE
941,3N-01-01,235,B7-PCK,PICKING,FALSE
945,3N-01-02,235,B7-PCK,PICKING,FALSE
949,3N-01-03,235,B7-PCK,PICKING,FALSE
953,3N-02-01,235,B7-PCK,PICKING,FALSE
957,3N-02-02,235,B7-PCK,PICKING,FALSE
961,3N-02-03,235,B7-PCK,PICKING,FALSE
965,3N-03-01,235,B7-PCK,PICKING,FALSE
969,3N-03-02,235,B7-PCK,PICKING,FALSE
973,3N-03-03,235,B7-PCK,PICKING,FALSE
1001,3P-01-01,235,B7-PCK,PICKING,FALSE
1005,3P-01-02,235,B7-PCK,PICKING,FALSE
1009,3P-01-03,235,B7-PCK,PICKING,FALSE
1013,3P-02-01,235,B7-PCK,PICKING,FALSE
1017,3P-02-02,235,B7-PCK,PICKING,FALSE
1021,3P-02-03,235,B7-PCK,PICKING,FALSE
1025,3Q-01-01,235,B7-PCK,PICKING,FALSE
1029,3Q-01-02,235,B7-PCK,PICKING,FALSE
1033,3Q-01-03,235,B7-PCK,PICKING,FALSE
1037,3Q-02-01,235,B7-PCK,PICKING,FALSE
1041,3Q-02-02,235,B7-PCK,PICKING,FALSE
1045,3Q-02-03,235,B7-PCK,PICKING,FALSE
1049,3Q-03-01,235,B7-PCK,PICKING,FALSE
1053,3Q-03-02,235,B7-PCK,PICKING,FALSE
1057,3Q-03-03,235,B7-PCK,PICKING,FALSE
1061,3R-01-01,235,B7-PCK,PICKING,FALSE
1065,3R-01-02,235,B7-PCK,PICKING,FALSE
1069,3R-01-03,235,B7-PCK,PICKING,FALSE
1073,3R-02-01,235,B7-PCK,PICKING,FALSE
1077,3R-02-02,235,B7-PCK,PICKING,FALSE
1081,3R-02-03,235,B7-PCK,PICKING,FALSE
1085,3S-01-01,235,B7-PCK,PICKING,FALSE
1089,3S-01-02,235,B7-PCK,PICKING,FALSE
1101,3S-01-03,235,B7-PCK,PICKING,FALSE
1105,3S-02-01,235,B7-PCK,PICKING,FALSE
1108,3S-02-02,235,B7-PCK,PICKING,FALSE
1112,3S-02-03,235,B7-PCK,PICKING,FALSE
1116,3S-03-01,235,B7-PCK,PICKING,FALSE
1120,3S-03-02,235,B7-PCK,PICKING,FALSE
1124,3S-03-03,235,B7-PCK,PICKING,FALSE
1128,3T-01-01,235,B7-PCK,PICKING,FALSE
1132,3T-01-02,235,B7-PCK,PICKING,FALSE
1136,3T-01-03,235,B7-PCK,PICKING,FALSE
1140,3T-02-01,235,B7-PCK,PICKING,FALSE
1144,3T-02-02,235,B7-PCK,PICKING,FALSE
1148,3T-02-03,235,B7-PCK,PICKING,FALSE
1152,3V-01-01,235,B7-PCK,PICKING,FALSE
1156,3V-01-02,235,B7-PCK,PICKING,FALSE
1160,3V-01-03,235,B7-PCK,PICKING,FALSE
1164,3V-02-01,235,B7-PCK,PICKING,FALSE
1168,3V-02-02,235,B7-PCK,PICKING,FALSE
1172,3V-02-03,235,B7-PCK,PICKING,FALSE
1176,3V-03-01,235,B7-PCK,PICKING,FALSE
1180,3V-03-02,235,B7-PCK,PICKING,FALSE
1184,3V-03-03,235,B7-PCK,PICKING,FALSE
1188,3W-01-01,235,B7-PCK,PICKING,FALSE
1192,3W-01-02,235,B7-PCK,PICKING,FALSE
1196,3W-01-03,235,B7-PCK,PICKING,FALSE
1200,3W-02-01,235,B7-PCK,PICKING,FALSE
1204,3W-02-02,235,B7-PCK,PICKING,FALSE
1208,3W-02-03,235,B7-PCK,PICKING,FALSE
1212,3W-03-01,235,B7-PCK,PICKING,FALSE
1216,3W-03-02,235,B7-PCK,PICKING,FALSE
1220,3W-03-03,235,B7-PCK,PICKING,FALSE
1224,3W-04-01,235,B7-PCK,PICKING,FALSE
1228,3W-04-02,235,B7-PCK,PICKING,FALSE
1232,3W-04-03,235,B7-PCK,PICKING,FALSE
1236,3W-05-01,235,B7-PCK,PICKING,FALSE
1240,3W-05-02,235,B7-PCK,PICKING,FALSE
1244,3W-05-03,235,B7-PCK,PICKING,FALSE
1248,3X-01-01,235,B7-PCK,PICKING,FALSE
1252,3X-01-02,235,B7-PCK,PICKING,FALSE
1256,3X-01-03,235,B7-PCK,PICKING,FALSE
1260,3X-02-01,235,B7-PCK,PICKING,FALSE
1264,3X-02-02,235,B7-PCK,PICKING,FALSE
1268,3X-02-03,235,B7-PCK,PICKING,FALSE
1272,3X-03-01,235,B7-PCK,PICKING,FALSE
1276,3X-03-02,235,B7-PCK,PICKING,FALSE
1280,3X-03-03,235,B7-PCK,PICKING,FALSE
1284,3X-04-01,235,B7-PCK,PICKING,FALSE
1288,3X-04-02,235,B7-PCK,PICKING,FALSE
1292,3X-04-03,235,B7-PCK,PICKING,FALSE
1301,3X-05-01,235,B7-PCK,PICKING,FALSE
1304,3X-05-02,235,B7-PCK,PICKING,FALSE
1308,3X-05-03,235,B7-PCK,PICKING,FALSE
1331,B07-N(-1),235,B07-SS,RESERVE,FALSE
398,B07-N1-A1,235,B07-N1,RESERVE,FALSE
400,B07-N1-A2,235,B07-N1,RESERVE,FALSE
402,B07-N1-A3,235,B07-N1,RESERVE,FALSE
403,B07-N1-A4,235,B07-N1,RESERVE,FALSE
404,B07-N1-A5,235,B07-N1,RESERVE,TRUE
405,B07-N1-A6,235,B07-N1,RESERVE,FALSE
406,B07-N1-A7,235,B07-N1,RESERVE,FALSE
407,B07-N1-A8,235,B07-N1,RESERVE,FALSE
408,B07-N1-B1,235,B07-N1,RESERVE,FALSE
409,B07-N1-B2,235,B07-N1,RESERVE,TRUE
410,B07-N1-B3,235,B07-N1,RESERVE,FALSE
1352,B07-N1-B4,235,B07-N1,RESERVE,FALSE
878,B07-N1-B5,235,B07-N1,RESERVE,FALSE
1090,B07-N1-B6,235,B07-N1,RESERVE,FALSE
412,B07-N1-B7,235,B07-N1,RESERVE,FALSE
1353,B07-N1-C1,235,B07-N1,RESERVE,FALSE
1386,B07-N1-C2,235,B07-N1,RESERVE,FALSE
664,B07-N1-C3,235,B07-N1,RESERVE,FALSE
885,B07-N1-C4,235,B07-N1,RESERVE,FALSE
413,B07-N1-C5,235,B07-N1,RESERVE,FALSE
1355,B07-N1-C6,235,B07-N1,RESERVE,FALSE
1297,B07-N1-C7,235,B07-N1,RESERVE,FALSE
1333,B07-N1-C8,235,B07-N1,RESERVE,FALSE
411,B07-N1-C9,235,B07-N1,RESERVE,FALSE
667,B07-N1-D1,235,B07-N1,RESERVE,FALSE
1334,B07-N1-D2,235,B07-N1,RESERVE,FALSE
1324,B07-N1-D3,235,B07-N1,RESERVE,FALSE
1389,B07-N1-D4,235,B07-N1,RESERVE,FALSE
1398,B07-N1-D5,235,B07-N1,RESERVE,TRUE
1390,B07-N1-D6,235,B07-N1,RESERVE,TRUE
1314,B07-N1-D7,235,B07-N1,RESERVE,TRUE
1372,B07-N1-D8,235,B07-N1,RESERVE,TRUE
414,B07-N1-D9,235,B07-N1,RESERVE,FALSE
1359,B07-N1-E1,235,B07-N1,RESERVE,TRUE
1376,B07-N1-E10,235,B07-N1,RESERVE,FALSE
1377,B07-N1-E11,235,B07-N1,RESERVE,FALSE
673,B07-N1-E12,235,B07-N1,RESERVE,FALSE
1378,B07-N1-E13,235,B07-N1,RESERVE,TRUE
1346,B07-N1-E14,235,B07-N1,RESERVE,TRUE
1095,B07-N1-E15,235,B07-N1,RESERVE,TRUE
1361,B07-N1-E16,235,B07-N1,RESERVE,TRUE
674,B07-N1-E17,235,B07-N1,RESERVE,TRUE
1298,B07-N1-E18,235,B07-N1,RESERVE,TRUE
1336,B07-N1-E19,235,B07-N1,RESERVE,FALSE
1374,B07-N1-E2,235,B07-N1,RESERVE,TRUE
1335,B07-N1-E3,235,B07-N1,RESERVE,TRUE
1360,B07-N1-E4,235,B07-N1,RESERVE,TRUE
671,B07-N1-E5,235,B07-N1,RESERVE,TRUE
1375,B07-N1-E6,235,B07-N1,RESERVE,TRUE
672,B07-N1-E7,235,B07-N1,RESERVE,FALSE
866,B07-N1-E8,235,B07-N1,RESERVE,FALSE
867,B07-N1-E9,235,B07-N1,RESERVE,FALSE
1400,B07-N1-SOL,235,B07-N1,RESERVE,FALSE
1320,B07-N2-A1,235,B07-N2,RESERVE,FALSE
658,B07-N2-A2,235,B07-N2,RESERVE,FALSE
401,B07-N2-A3,235,B07-N2,RESERVE,FALSE
399,B07-N2-A4,235,B07-N2,RESERVE,FALSE
396,B07-N2-A5,235,B07-N2,RESERVE,TRUE
395,B07-N2-A6,235,B07-N2,RESERVE,FALSE
397,B07-N2-A7,235,B07-N2,RESERVE,FALSE
883,B07-N2-A8,235,B07-N2,RESERVE,FALSE
660,B07-N2-B1,235,B07-N2,RESERVE,FALSE
661,B07-N2-B2,235,B07-N2,RESERVE,TRUE
1397,B07-N2-B3,235,B07-N2,RESERVE,FALSE
1369,B07-N2-B4,235,B07-N2,RESERVE,FALSE
663,B07-N2-B5,235,B07-N2,RESERVE,FALSE
1354,B07-N2-B6,235,B07-N2,RESERVE,FALSE
1387,B07-N2-B7,235,B07-N2,RESERVE,FALSE
884,B07-N2-C1,235,B07-N2,RESERVE,FALSE
1296,B07-N2-C2,235,B07-N2,RESERVE,FALSE
665,B07-N2-C3,235,B07-N2,RESERVE,FALSE
1091,B07-N2-C4,235,B07-N2,RESERVE,FALSE
886,B07-N2-C5,235,B07-N2,RESERVE,FALSE
1092,B07-N2-C6,235,B07-N2,RESERVE,FALSE
666,B07-N2-C7,235,B07-N2,RESERVE,FALSE
1312,B07-N2-C8,235,B07-N2,RESERVE,FALSE
1332,B07-N2-C9,235,B07-N2,RESERVE,FALSE
1370,B07-N2-D1,235,B07-N2,RESERVE,FALSE
1371,B07-N2-D2,235,B07-N2,RESERVE,FALSE
1093,B07-N2-D3,235,B07-N2,RESERVE,FALSE
1313,B07-N2-D4,235,B07-N2,RESERVE,FALSE
1388,B07-N2-D5,235,B07-N2,RESERVE,TRUE
864,B07-N2-D6,235,B07-N2,RESERVE,TRUE
1343,B07-N2-D7,235,B07-N2,RESERVE,TRUE
668,B07-N2-D8,235,B07-N2,RESERVE,TRUE
865,B07-N2-D9,235,B07-N2,RESERVE,FALSE
1399,B07-N2-E1,235,B07-N2,RESERVE,TRUE
1321,B07-N2-E10,235,B07-N2,RESERVE,FALSE
1358,B07-N2-E11,235,B07-N2,RESERVE,FALSE
1326,B07-N2-E12,235,B07-N2,RESERVE,FALSE
1344,B07-N2-E13,235,B07-N2,RESERVE,TRUE
1391,B07-N2-E14,235,B07-N2,RESERVE,TRUE
1315,B07-N2-E15,235,B07-N2,RESERVE,TRUE
1345,B07-N2-E16,235,B07-N2,RESERVE,TRUE
1094,B07-N2-E17,235,B07-N2,RESERVE,TRUE
890,B07-N2-E18,235,B07-N2,RESERVE,TRUE
670,B07-N2-E19,235,B07-N2,RESERVE,FALSE
887,B07-N2-E2,235,B07-N2,RESERVE,TRUE
888,B07-N2-E3,235,B07-N2,RESERVE,TRUE
1356,B07-N2-E4,235,B07-N2,RESERVE,TRUE
1357,B07-N2-E5,235,B07-N2,RESERVE,TRUE
1325,B07-N2-E6,235,B07-N2,RESERVE,TRUE
1373,B07-N2-E7,235,B07-N2,RESERVE,FALSE
669,B07-N2-E8,235,B07-N2,RESERVE,FALSE
889,B07-N2-E9,235,B07-N2,RESERVE,FALSE
1366,B07-N2-sans zone,235,B07-N2,RESERVE,FALSE
1379,B07-N3-A1,235,B07-N3,RESERVE,FALSE
1392,B07-N3-A2,235,B07-N3,RESERVE,FALSE
1347,B07-N3-A3,235,B07-N3,RESERVE,FALSE
1316,B07-N3-A4,235,B07-N3,RESERVE,FALSE
415,B07-N3-A5,235,B07-N3,RESERVE,FALSE
1401,B07-N3-A6,235,B07-N3,RESERVE,FALSE
1329,B07-N3-C1,235,B07-N3,RESERVE,FALSE
1364,B07-N3-C10,235,B07-N3,RESERVE,FALSE
1365,B07-N3-C11,235,B07-N3,RESERVE,FALSE
873,B07-N3-C12,235,B07-N3,RESERVE,FALSE
1380,B07-N3-C2,235,B07-N3,RESERVE,FALSE
1337,B07-N3-C3,235,B07-N3,RESERVE,FALSE
879,B07-N3-C4,235,B07-N3,RESERVE,FALSE
872,B07-N3-C5,235,B07-N3,RESERVE,FALSE
1394,B07-N3-C6,235,B07-N3,RESERVE,FALSE
1395,B07-N3-C7,235,B07-N3,RESERVE,FALSE
1381,B07-N3-C8,235,B07-N3,RESERVE,FALSE
1382,B07-N3-C9,235,B07-N3,RESERVE,FALSE
1383,B07-N3-E1,235,B07-N3,RESERVE,FALSE
874,B07-N3-E2,235,B07-N3,RESERVE,FALSE
417,B07-N3-E3,235,B07-N3,RESERVE,FALSE
1097,B07-N3-E4,235,B07-N3,RESERVE,FALSE
1339,B07-N3-E5,235,B07-N3,RESERVE,FALSE
1396,B07-N3-E6,235,B07-N3,RESERVE,FALSE
1384,B07-N3-E7,235,B07-N3,RESERVE,FALSE
1385,B07-N3-E8,235,B07-N3,RESERVE,FALSE
893,B07-N3-E9,235,B07-N3,RESERVE,FALSE
1319,B07-N3-SOL,235,B07-N3,RESERVE,FALSE
875,B07-N3-ST,235,B07-N3,RESERVE,FALSE
1327,B07-N4-17,235,B07-N4,RESERVE,FALSE
891,B07-N4-A1,235,B07-N4,RESERVE,FALSE
1322,B07-N4-A2,235,B07-N4,RESERVE,FALSE
892,B07-N4-A3,235,B07-N4,RESERVE,FALSE
1349,B07-N4-A4,235,B07-N4,RESERVE,FALSE
675,B07-N4-A5,235,B07-N4,RESERVE,FALSE
868,B07-N4-A6,235,B07-N4,RESERVE,FALSE
876,B07-N4-A7,235,B07-N4,RESERVE,FALSE
676,B07-N4-C1,235,B07-N4,RESERVE,FALSE
1096,B07-N4-C10,235,B07-N4,RESERVE,FALSE
1362,B07-N4-C11,235,B07-N4,RESERVE,FALSE
880,B07-N4-C12,235,B07-N4,RESERVE,FALSE
1350,B07-N4-C2,235,B07-N4,RESERVE,FALSE
869,B07-N4-C3,235,B07-N4,RESERVE,FALSE
1328,B07-N4-C4,235,B07-N4,RESERVE,FALSE
677,B07-N4-C5,235,B07-N4,RESERVE,FALSE
870,B07-N4-C6,235,B07-N4,RESERVE,FALSE
416,B07-N4-C7,235,B07-N4,RESERVE,FALSE
1393,B07-N4-C8,235,B07-N4,RESERVE,FALSE
1330,B07-N4-C9,235,B07-N4,RESERVE,FALSE
1338,B07-N4-E1,235,B07-N4,RESERVE,FALSE
1309,B07-N4-E10,235,B07-N4,RESERVE,FALSE
1402,B07-N4-E11,235,B07-N4,RESERVE,FALSE
1367,B07-N4-E12,235,B07-N4,RESERVE,FALSE
1368,B07-N4-E13,235,B07-N4,RESERVE,FALSE
877,B07-N4-E14,235,B07-N4,RESERVE,FALSE
1340,B07-N4-E15,235,B07-N4,RESERVE,FALSE
1348,B07-N4-E16,235,B07-N4,RESERVE,FALSE
1310,B07-N4-E17,235,B07-N4,RESERVE,FALSE
1300,B07-N4-E2,235,B07-N4,RESERVE,FALSE
1363,B07-N4-E3,235,B07-N4,RESERVE,FALSE
871,B07-N4-E4,235,B07-N4,RESERVE,FALSE
1317,B07-N4-E5,235,B07-N4,RESERVE,FALSE
1351,B07-N4-E6,235,B07-N4,RESERVE,FALSE
881,B07-N4-E7,235,B07-N4,RESERVE,FALSE
1318,B07-N4-E8,235,B07-N4,RESERVE,FALSE
882,B07-N4-E9,235,B07-N4,RESERVE,FALSE
1323,B07-N4-SOL,235,B07-N4,RESERVE,FALSE
209,B6-00-02,235,B07,RESERVE,FALSE
1311,B7-N0-Quai,235,B07-N0,EXPEDITION,FALSE
1403,B7-00-0A,235,B07-N0,PICKING,FALSE
1404,B7+1,235,B07-N1,RESERVE,FALSE
1405,B7-1,235,B07-SS,RESERVE,FALSE
1406,B7+2,235,B07-N2,RESERVE,FALSE
